交易日期,契約,到期月份(週別),開盤價,最高價,最低價,收盤價,漲跌價,漲跌%,成交量,結算價,未沖銷契約數,最後最佳買價,最後最佳賣價,歷史最高價,歷史最低價,是否因訊息面暫停交易,Unnamed: 17
2015/8/3,HY1,201508,28.3,28.35,28.2,28.35,-0.35,-1.22%,8,28.3,527,28.1,28.7,32.85,28.2,,
2015/8/3,HY1,201509,28.35,28.35,28.25,28.25,-0.5,-1.74%,6,28.25,242,28.05,-,32.8,28.25,,
2015/8/4,HY1,201508,28.4,28.6,28.1,28.1,-0.2,-0.71%,35,28.45,492,28.1,28.45,32.85,28.1,,
2015/8/4,HY1,201509,28.45,28.6,28.05,28.5,0.25,0.88%,26,28.5,219,28.35,28.45,32.8,28.05,,
2015/8/5,HY1,201508,28.55,28.95,28.55,28.95,0.5,1.76%,76,28.9,501,28.65,29.3,32.85,28.1,,
2015/8/5,HY1,201509,28.8,28.8,28.8,28.8,0.3,1.05%,14,28.9,205,28.65,29.05,32.8,28.05,,
2015/8/6,HY1,201508,29.1,29.1,28.05,28.1,-0.8,-2.77%,127,28.1,454,28,29.15,32.85,28.05,,
2015/8/6,HY1,201509,28.45,28.45,28.45,28.45,-0.45,-1.56%,2,28.35,205,27.95,28.25,32.8,28.05,,
2015/8/7,HY1,201508,27.9,27.9,27.9,27.9,-0.2,-0.71%,6,27.9,448,27.7,28.25,32.85,27.9,,
2015/8/7,HY1,201509,27.9,28,27.9,28,-0.35,-1.23%,10,28.0,201,27.75,28.15,32.8,27.9,,
2015/8/10,HY1,201508,28,28.4,28,28.35,0.45,1.61%,100,28.35,416,28.05,28.9,32.85,27.9,,
2015/8/10,HY1,201509,-,-,-,-,-,-,-,28.3,201,28.1,-,32.8,27.9,,
2015/8/11,HY1,201508,28.8,28.8,28.4,28.55,0.2,0.71%,65,28.35,421,28.1,29.25,32.85,27.9,,
2015/8/11,HY1,201509,28.8,28.8,28.7,28.7,0.4,1.41%,8,28.5,196,28.15,28.5,32.8,27.9,,
2015/8/12,HY1,201508,26.9,26.9,26.15,26.15,-2.2,-7.76%,112,26.25,406,26,29.3,32.85,26.15,,
2015/8/12,HY1,201509,26.4,26.4,26,26,-2.5,-8.77%,13,26.0,186,-,26,32.8,26,,
2015/8/13,HY1,201508,26.25,26.85,25.95,26.1,-0.15,-0.57%,99,26.1,335,25.8,26.05,32.85,25.95,,
2015/8/13,HY1,201509,26,26,26,26,0,0.00%,8,26.0,186,25.75,26.3,32.8,26,,
2015/8/14,HY1,201508,26.4,26.4,26.4,26.4,0.3,1.15%,2,26.55,335,26.3,26.65,32.85,25.95,,
2015/8/14,HY1,201509,-,-,-,-,-,-,-,26.45,186,26.3,26.9,32.8,26,,
2015/8/17,HY1,201508,26.2,26.2,26.2,26.2,-0.35,-1.32%,1,26.25,335,26.05,26.6,32.85,25.95,,
2015/8/17,HY1,201509,26.2,26.2,26.2,26.2,-0.25,-0.95%,4,26.25,186,26.1,26.45,32.8,26,,
2015/8/18,HY1,201508,-,-,-,-,-,-,-,25.6,335,25.3,25.7,32.85,25.95,,
2015/8/18,HY1,201509,26.15,26.15,26.15,26.15,-0.1,-0.38%,2,25.45,186,25.35,25.7,32.8,26,,
2015/8/19,HY1,201508,25.05,25.1,24.8,24.8,-0.8,-3.13%,40,0.0,335,-,25.35,32.85,24.8,,
2015/8/19,HY1,201509,24.4,24.4,24.4,24.4,-1.05,-4.13%,4,24.5,182,24.25,24.5,32.8,24.4,,
2015/8/20,HY1,201509,24.8,24.8,24.8,24.8,0.3,1.22%,1,25.05,181,-,25.1,32.8,24.4,,
2015/8/21,HY1,201509,-,-,-,-,-,-,-,24.05,181,23.95,24.3,32.8,24.4,,
2015/8/24,HY1,201509,22,22,22,22,-2.05,-8.52%,20,21.8,181,-,-,32.8,22,,
2015/8/25,HY1,201509,-,-,-,-,-,-,-,23.1,181,22.6,-,32.8,22,,
2015/8/26,HY1,201509,24.05,24.05,24.05,24.05,0.95,4.11%,4,24.05,185,23.75,24.05,32.8,22,,
2015/8/27,HY1,201509,-,-,-,-,-,-,-,24.25,185,22.8,25.4,32.8,22,,
2015/8/28,HY1,201509,25,25,24.95,24.95,0.7,2.89%,8,24.7,181,24.1,24.95,32.8,22,,
2015/8/31,HY1,201509,24.35,24.4,24.35,24.4,-0.3,-1.21%,7,24.8,185,24.3,25.2,32.8,22,,
2015/9/1,HY1,201509,-,-,-,-,-,-,-,24.6,185,23.55,25,32.8,22,,
2015/9/2,HY1,201509,24.3,24.55,24.3,24.55,-0.05,-0.20%,14,24.65,185,24,-,32.8,22,,
2015/9/3,HY1,201509,-,-,-,-,-,-,-,24.65,185,24,25.45,32.8,22,,
2015/9/4,HY1,201509,-,-,-,-,-,-,-,24.25,185,24.05,24.6,32.8,22,,
2015/9/7,HY1,201509,-,-,-,-,-,-,-,24.4,185,24.2,24.65,32.8,22,,
2015/9/8,HY1,201509,24,24.05,24,24.05,-0.35,-1.43%,9,23.95,176,23.95,24.1,32.8,22,,
2015/9/9,HY1,201509,-,-,-,-,-,-,-,25.45,176,25.25,-,32.8,22,,
2015/9/10,HY1,201509,-,-,-,-,-,-,-,25.0,176,24.45,-,32.8,22,,
2015/9/11,HY1,201509,25.4,25.4,25.25,25.25,0.25,1.00%,13,25.05,181,24.8,25.15,32.8,22,,
2015/9/14,HY1,201509,-,-,-,-,-,-,-,25.15,181,-,25.4,32.8,22,,
2015/9/15,HY1,201509,25.2,25.2,25.15,25.15,0,0.00%,2,25.15,180,25.05,-,32.8,22,,
2015/9/16,HY1,201509,-,-,-,-,-,-,-,0.0,180,-,-,32.8,22,,
2015/8/4,HY1,201508/201509,0.01,0.01,0.01,0.01,-,-,2,-,-,0.01,-,0.01,-0.01,,
交易日期,契約,到期月份(週別),開盤價,最高價,最低價,收盤價,漲跌價,漲跌%,成交量,結算價,未沖銷契約數,最後最佳買價,最後最佳賣價,歷史最高價,歷史最低價,是否因訊息面暫停交易,Unnamed: 17
2016/7/21,HY1,201608,25.8,25.9,25.65,25.8,0.15,0.58%,223,25.95,475,25.8,25.85,27.6,24.1,,
2016/7/21,HY1,201609,-,-,-,-,-,-,-,25.85,83,24.95,26.8,27.25,24.8,,
2016/7/22,HY1,201608,25.85,25.9,25.75,25.75,-0.2,-0.77%,57,25.7,431,25.7,25.8,27.6,24.1,,
2016/7/22,HY1,201609,-,-,-,-,-,-,-,25.85,83,24.75,26.65,27.25,24.8,,
2016/7/25,HY1,201608,25.95,25.95,25.4,25.55,-0.15,-0.58%,112,25.7,340,25.25,25.9,27.6,24.1,,
2016/7/25,HY1,201609,25.55,25.55,25.4,25.4,-0.45,-1.74%,10,25.7,83,25.45,26.65,27.25,24.8,,
2016/7/26,HY1,201608,25.75,25.85,25.75,25.85,0.15,0.58%,9,25.85,341,25.85,25.9,27.6,24.1,,
2016/7/26,HY1,201609,25.7,25.7,25.7,25.7,0,0.00%,5,25.85,83,24.85,26.75,27.25,24.8,,
2016/7/27,HY1,201608,26,26.2,26,26.2,0.35,1.35%,13,26.25,334,26.2,26.3,27.6,24.1,,
2016/7/27,HY1,201609,-,-,-,-,-,-,-,26.2,83,25.3,27.05,27.25,24.8,,
2016/7/28,HY1,201608,26.35,26.4,26.3,26.4,0.15,0.57%,53,26.4,316,26.3,26.5,27.6,24.1,,
2016/7/28,HY1,201609,-,-,-,-,-,-,-,26.35,83,26.35,27.1,27.25,24.8,,
2016/7/29,HY1,201608,26.2,26.3,26.15,26.2,-0.2,-0.76%,23,26.25,312,26.2,26.3,27.6,24.1,,
2016/7/29,HY1,201609,26.2,26.2,26.2,26.2,-0.15,-0.57%,5,26.2,83,25.25,26.85,27.25,24.8,,
2016/8/1,HY1,201608,26.2,26.3,26.2,26.3,0.05,0.19%,42,26.3,313,26.15,26.5,27.6,24.1,,
2016/8/1,HY1,201609,26.25,26.25,26.25,26.25,0.05,0.19%,5,26.25,83,26.1,27.2,27.25,24.8,,
2016/8/2,HY1,201608,26.3,26.3,26.3,26.3,0,0.00%,12,26.3,301,25.75,26.35,27.6,24.1,,
2016/8/2,HY1,201609,-,-,-,-,-,-,-,26.3,83,26.1,26.6,27.25,24.8,,
2016/8/3,HY1,201608,26.1,26.35,25.95,26.25,-0.05,-0.19%,126,26.25,241,26.1,26.4,27.6,24.1,,
2016/8/3,HY1,201609,26.15,26.15,26.15,26.15,-0.15,-0.57%,1,26.2,84,25.75,26.65,27.25,24.8,,
2016/8/4,HY1,201608,26.6,26.6,26.5,26.6,0.35,1.33%,53,26.65,215,26.3,26.7,27.6,24.1,,
2016/8/4,HY1,201609,26.6,26.6,26.6,26.6,0.4,1.53%,5,26.65,84,26.25,27.05,27.25,24.8,,
2016/8/5,HY1,201608,26.8,26.9,26.8,26.9,0.25,0.94%,23,26.9,212,26.9,27.2,27.6,24.1,,
2016/8/5,HY1,201609,-,-,-,-,-,-,-,26.9,84,26.9,27.25,27.25,24.8,,
2016/8/8,HY1,201608,-,-,-,-,-,-,-,27.2,212,26.9,27.55,27.6,24.1,,
2016/8/8,HY1,201609,-,-,-,-,-,-,-,27.2,84,26.75,27.55,27.25,24.8,,
2016/8/9,HY1,201608,27.2,27.2,27,27,-0.2,-0.74%,12,27.1,202,26.6,27.3,27.6,24.1,,
2016/8/9,HY1,201609,27.25,27.25,27.25,27.25,0.05,0.18%,1,27.05,84,26.6,27.35,27.25,24.8,,
2016/8/10,HY1,201608,27.25,27.3,27.25,27.3,0.2,0.74%,12,27.3,196,27.3,28.95,27.6,24.1,,
2016/8/10,HY1,201609,-,-,-,-,-,-,-,27.25,84,25.2,28.9,27.25,24.8,,
2016/8/11,HY1,201608,27.2,27.2,26.6,26.6,-0.7,-2.56%,51,26.65,204,-,27.05,27.6,24.1,,
2016/8/11,HY1,201609,26.7,26.75,26.7,26.75,-0.5,-1.83%,10,26.75,84,26.35,-,27.25,24.8,,
2016/8/12,HY1,201608,26.95,27.9,26.95,27.7,1.05,3.94%,53,27.8,180,-,28.1,27.9,24.1,,
2016/8/12,HY1,201609,27.8,27.8,27.8,27.8,1.05,3.93%,5,27.8,83,27.3,28.1,27.8,24.8,,
2016/8/15,HY1,201608,27.4,27.5,27.4,27.5,-0.3,-1.08%,9,27.55,185,27,27.75,27.9,24.1,,
2016/8/15,HY1,201609,27.35,27.6,27.35,27.6,-0.2,-0.72%,15,27.7,84,-,27.8,27.8,24.8,,
2016/8/16,HY1,201608,27.55,27.55,27.35,27.35,-0.2,-0.73%,7,27.35,189,26.75,27.2,27.9,24.1,,
2016/8/16,HY1,201609,-,-,-,-,-,-,-,27.5,84,26.75,27.55,27.8,24.8,,
2016/8/17,HY1,201608,27.2,27.25,27.2,27.25,-0.1,-0.37%,2,0.0,160,-,27.35,27.9,24.1,,
2016/8/17,HY1,201609,27.15,27.15,27.1,27.1,-0.4,-1.45%,8,27.1,91,26.65,27.45,27.8,24.8,,
2016/8/18,HY1,201609,27.75,27.75,27.75,27.75,0.65,2.40%,3,28.0,88,27.6,28.35,27.8,24.8,,
2016/8/19,HY1,201609,27.85,27.85,27.65,27.65,-0.35,-1.25%,20,27.25,98,26.75,27.7,27.85,24.8,,
2016/8/22,HY1,201609,-,-,-,-,-,-,-,26.95,98,26.5,27.25,27.85,24.8,,
2016/8/23,HY1,201609,27.3,27.4,27.3,27.3,0.35,1.30%,22,27.3,94,26.95,27.6,27.85,24.8,,
2016/8/24,HY1,201609,-,-,-,-,-,-,-,27.1,94,25.45,29.15,27.85,24.8,,
2016/8/25,HY1,201609,27.2,27.25,27.2,27.25,0.15,0.55%,3,27.25,93,26.8,27.75,27.85,24.8,,
2016/8/26,HY1,201609,-,-,-,-,-,-,-,27.35,93,26.85,27.75,27.85,24.8,,
2016/8/29,HY1,201609,-,-,-,-,-,-,-,27.3,93,26.85,27.75,27.85,24.8,,
2016/8/30,HY1,201609,28.15,28.15,28.1,28.1,0.8,2.93%,2,28.25,93,27.7,28.6,28.15,24.8,,
2016/8/31,HY1,201609,28.9,28.9,28.3,28.3,0.05,0.18%,5,28.2,92,27.7,28.6,28.9,24.8,,
2016/9/1,HY1,201609,27.95,28,27.95,28,-0.2,-0.71%,2,27.95,92,27.4,28.4,28.9,24.8,,
2016/9/2,HY1,201609,28.3,28.3,28.3,28.3,0.35,1.25%,1,28.6,92,28.1,29,28.9,24.8,,
2016/9/5,HY1,201609,-,-,-,-,-,-,-,28.75,92,28.25,29.15,28.9,24.8,,
2016/9/6,HY1,201609,-,-,-,-,-,-,-,28.75,92,28.35,29.2,28.9,24.8,,
2016/9/7,HY1,201609,-,-,-,-,-,-,-,29.3,92,28.7,29.55,28.9,24.8,,
2016/9/8,HY1,201609,29.3,29.3,29.3,29.3,0,0.00%,1,29.3,93,27.3,29.45,29.3,24.8,,
2016/9/9,HY1,201609,-,-,-,-,-,-,-,28.9,93,28.5,29.35,29.3,24.8,,
2016/9/10,HY1,201609,-,-,-,-,-,-,-,28.45,93,28.45,-,29.3,24.8,,
2016/9/12,HY1,201609,-,-,-,-,-,-,-,28.1,93,27.55,28.5,29.3,24.8,,
2016/9/13,HY1,201609,-,-,-,-,-,-,-,28.3,93,28.2,28.75,29.3,24.8,,
2016/9/14,HY1,201609,-,-,-,-,-,-,-,28.1,93,27.6,28.5,29.3,24.8,,
2016/9/19,HY1,201609,-,-,-,-,-,-,-,29.0,93,28.8,29.45,29.3,24.8,,
2016/9/20,HY1,201609,28.95,28.95,28.95,28.95,-0.05,-0.17%,1,28.9,92,27,31,29.3,24.8,,
2016/9/21,HY1,201609,28.8,28.95,28.8,28.95,0.05,0.17%,2,0.0,91,28.95,30.9,29.3,24.8,,
交易日期,契約,到期月份(週別),開盤價,最高價,最低價,收盤價,漲跌價,漲跌%,成交量,結算價,未沖銷契約數,最後最佳買價,最後最佳賣價,歷史最高價,歷史最低價,是否因訊息面暫停交易,交易時段,價差對單式委託成交量,Unnamed: 19
2017/9/14,HY1,201709,29.9,30,29.6,29.65,-0.2,-0.67%,420,29.65,1859,29.65,29.75,33.85,29.6,,一般,,
2017/9/14,HY1,201710,30.15,30.15,29.65,29.65,-0.15,-0.50%,19,29.75,485,29.7,29.75,33.9,29.65,,一般,,
2017/9/14,HY1,201712,-,-,-,-,-,-,0,29.6,10,29.15,29.95,33.45,31.4,,一般,,
2017/9/14,HY1,201803,-,-,-,-,-,-,0,29.7,2,-,-,33.55,32.1,,一般,,
2017/9/15,HY1,201709,29.6,30.2,29.55,30.2,0.55,1.85%,251,30.2,1630,30.15,30.25,33.85,29.55,,一般,,
2017/9/15,HY1,201710,29.65,29.85,29.65,29.85,0.1,0.34%,4,30.1,484,30.05,30.25,33.9,29.65,,一般,,
2017/9/15,HY1,201712,-,-,-,-,-,-,0,30.15,10,29.1,30.6,33.45,31.4,,一般,,
2017/9/15,HY1,201803,-,-,-,-,-,-,0,30.25,2,-,-,33.55,32.1,,一般,,
2017/9/18,HY1,201709,30.15,30.15,29.75,30,-0.2,-0.66%,97,30,1536,29.95,30.05,33.85,29.55,,一般,,
2017/9/18,HY1,201710,30.1,30.2,29.85,30.05,-0.05,-0.17%,16,30.05,481,29.95,30.1,33.9,29.65,,一般,,
2017/9/18,HY1,201712,-,-,-,-,-,-,0,29.95,10,29.15,30.2,33.45,31.4,,一般,,
2017/9/18,HY1,201803,-,-,-,-,-,-,0,30.05,2,-,-,33.55,32.1,,一般,,
2017/9/19,HY1,201709,29.65,29.75,29.6,29.65,-0.35,-1.17%,67,29.65,1470,29.6,29.75,33.85,29.55,,一般,,
2017/9/19,HY1,201710,29.8,29.8,29.75,29.75,-0.3,-1.00%,15,29.75,481,29.7,29.8,33.9,29.65,,一般,,
2017/9/19,HY1,201712,-,-,-,-,-,-,0,29.6,10,29.4,29.95,33.45,31.4,,一般,,
2017/9/19,HY1,201803,-,-,-,-,-,-,0,29.7,2,-,-,33.55,32.1,,一般,,
2017/9/20,HY1,201709,29.65,29.65,29.65,29.65,0,0.00%,3,0,1467,29.55,29.6,33.85,29.55,,一般,,
2017/9/20,HY1,201710,29.55,29.55,29.55,29.55,-0.2,-0.67%,4,29.55,477,29.55,29.6,33.9,29.55,,一般,,
2017/9/20,HY1,201712,-,-,-,-,-,-,0,29.55,10,29.5,29.7,33.45,31.4,,一般,,
2017/9/20,HY1,201803,-,-,-,-,-,-,0,29.6,2,29.7,-,33.55,32.1,,一般,,
2017/9/21,HY1,201710,29.6,29.7,29.6,29.6,0.05,0.17%,10,29.55,473,29.55,29.65,33.9,29.55,,一般,,
2017/9/21,HY1,201712,-,-,-,-,-,-,0,29.55,10,29.4,29.7,33.45,31.4,,一般,,
2017/9/21,HY1,201803,-,-,-,-,-,-,0,29.6,2,29.5,-,33.55,32.1,,一般,,
2017/9/22,HY1,201710,29.5,29.5,29.25,29.25,-0.3,-1.02%,41,29.15,466,29.15,29.25,33.9,29.25,,一般,,
2017/9/22,HY1,201712,-,-,-,-,-,-,0,29.15,10,29,29.35,33.45,31.4,,一般,,
2017/9/22,HY1,201803,-,-,-,-,-,-,0,29.2,2,-,-,33.55,32.1,,一般,,
2017/9/25,HY1,201710,28.9,28.9,28.6,28.6,-0.55,-1.89%,55,28.6,463,28.6,28.7,33.9,28.6,,一般,,
2017/9/25,HY1,201712,28.95,28.95,28.8,28.8,-0.35,-1.20%,4,28.6,9,28.2,28.75,33.45,28.8,,一般,,
2017/9/25,HY1,201803,-,-,-,-,-,-,0,28.65,2,-,-,33.55,32.1,,一般,,
2017/9/26,HY1,201710,28.5,28.55,28.35,28.4,-0.2,-0.70%,20,28.4,463,28.35,28.45,33.9,28.35,,一般,,
2017/9/26,HY1,201712,-,-,-,-,-,-,0,28.4,9,28,28.55,33.45,28.8,,一般,,
2017/9/26,HY1,201803,-,-,-,-,-,-,0,28.45,2,-,-,33.55,32.1,,一般,,
2017/9/27,HY1,201710,28.6,28.7,28.6,28.7,0.3,1.06%,15,28.7,460,28.45,28.75,33.9,28.35,,一般,,
2017/9/27,HY1,201712,-,-,-,-,-,-,0,28.7,9,28.4,28.75,33.45,28.8,,一般,,
2017/9/27,HY1,201803,-,-,-,-,-,-,0,28.75,2,-,-,33.55,32.1,,一般,,
2017/9/28,HY1,201710,-,-,-,-,-,-,0,28.65,460,28.5,28.65,33.9,28.35,,一般,,
2017/9/28,HY1,201712,-,-,-,-,-,-,0,28.65,9,28.2,28.7,33.45,28.8,,一般,,
2017/9/28,HY1,201803,-,-,-,-,-,-,0,28.7,2,-,-,33.55,32.1,,一般,,
2017/9/29,HY1,201710,28.75,28.75,28.6,28.65,0,0.00%,25,28.6,460,28.55,28.75,33.9,28.35,,一般,,
2017/9/29,HY1,201712,-,-,-,-,-,-,0,28.6,9,28.4,28.8,33.45,28.8,,一般,,
2017/9/29,HY1,201803,-,-,-,-,-,-,0,28.65,2,28.65,-,33.55,32.1,,一般,,
2017/9/30,HY1,201710,-,-,-,-,-,-,0,28.9,460,28.8,28.95,33.9,28.35,,一般,,
2017/9/30,HY1,201712,28.8,28.8,28.8,28.8,0.2,0.70%,3,28.9,10,28.7,29.05,33.45,28.8,,一般,,
2017/9/30,HY1,201803,-,-,-,-,-,-,0,28.95,2,-,-,33.55,32.1,,一般,,
2017/10/2,HY1,201710,28.8,28.8,28.75,28.75,-0.15,-0.52%,5,28.75,460,28.7,28.85,33.9,28.35,,一般,,
2017/10/2,HY1,201712,28.9,28.9,28.85,28.85,-0.05,-0.17%,2,28.85,11,27.9,28.95,33.45,28.8,,一般,,
2017/10/2,HY1,201803,-,-,-,-,-,-,0,28.8,2,28.8,-,33.55,32.1,,一般,,
2017/10/3,HY1,201710,-,-,-,-,-,-,0,28.55,460,28.6,28.75,33.9,28.35,,一般,,
2017/10/3,HY1,201712,28.75,28.9,28.75,28.9,0.05,0.17%,15,28.65,15,28.5,28.8,33.45,28.75,,一般,,
2017/10/3,HY1,201803,-,-,-,-,-,-,0,28.6,2,-,-,33.55,32.1,,一般,,
2017/10/5,HY1,201710,28.8,28.8,28.8,28.8,0.25,0.88%,1,28.75,460,28.7,28.9,33.9,28.35,,一般,,
2017/10/5,HY1,201712,-,-,-,-,-,-,0,28.85,15,27.95,29.05,33.45,28.75,,一般,,
2017/10/5,HY1,201803,-,-,-,-,-,-,0,28.8,2,-,-,33.55,32.1,,一般,,
2017/10/6,HY1,201710,28.95,28.95,28.95,28.95,0.2,0.70%,1,28.95,459,28.8,28.95,33.9,28.35,,一般,,
2017/10/6,HY1,201712,28.8,28.8,28.8,28.8,-0.05,-0.17%,1,28.8,15,28.35,29.1,33.45,28.75,,一般,,
2017/10/6,HY1,201803,-,-,-,-,-,-,0,29,2,-,-,33.55,32.1,,一般,,
2017/10/11,HY1,201710,29.1,29.1,28.95,28.95,0,0.00%,45,28.85,459,28.85,29,33.9,28.35,,一般,,
2017/10/11,HY1,201712,-,-,-,-,-,-,0,28.7,15,28.55,29,33.45,28.75,,一般,,
2017/10/11,HY1,201803,-,-,-,-,-,-,0,28.9,2,-,29.1,33.55,32.1,,一般,,
2017/10/12,HY1,201710,28.8,28.8,28.7,28.7,-0.15,-0.52%,27,28.7,459,28.65,28.8,33.9,28.35,,一般,,
2017/10/12,HY1,201712,-,-,-,-,-,-,0,28.55,15,28.4,28.85,33.45,28.75,,一般,,
2017/10/12,HY1,201803,-,-,-,-,-,-,0,28.75,2,28.4,28.95,33.55,32.1,,一般,,
2017/10/13,HY1,201710,28.8,28.8,28.8,28.8,0.1,0.35%,5,28.75,459,28.75,28.85,33.9,28.35,,一般,,
2017/10/13,HY1,201712,-,-,-,-,-,-,0,28.6,15,28.35,28.95,33.45,28.75,,一般,,
2017/10/13,HY1,201803,-,-,-,-,-,-,0,28.8,2,-,-,33.55,32.1,,一般,,
2017/10/16,HY1,201710,28.85,28.85,28.85,28.85,0.1,0.35%,9,28.75,450,28.65,28.85,33.9,28.35,,一般,,
2017/10/16,HY1,201712,-,-,-,-,-,-,0,28.5,15,28.3,28.85,33.45,28.75,,一般,,
2017/10/16,HY1,201803,-,-,-,-,-,-,0,28.8,2,-,-,33.55,32.1,,一般,,
2017/10/17,HY1,201710,28.6,28.6,28.6,28.6,-0.15,-0.52%,5,28.55,450,28.45,28.5,33.9,28.35,,一般,,
2017/10/17,HY1,201712,-,-,-,-,-,-,0,28.3,15,-,-,33.45,28.75,,一般,,
2017/10/17,HY1,201803,-,-,-,-,-,-,0,28.6,2,-,-,33.55,32.1,,一般,,
2017/10/18,HY1,201710,-,-,-,-,-,-,0,0,450,28.35,28.45,33.9,28.35,,一般,,
2017/10/18,HY1,201712,-,-,-,-,-,-,0,28.15,15,-,-,33.45,28.75,,一般,,
2017/10/18,HY1,201803,-,-,-,-,-,-,0,28.45,2,-,-,33.55,32.1,,一般,,
2017/10/19,HY1,201712,-,-,-,-,-,-,0,28.15,15,-,-,33.45,28.75,*,一般,,
2017/10/19,HY1,201803,-,-,-,-,-,-,0,28.45,2,-,-,33.55,32.1,*,一般,,
2017/10/20,HY1,201712,-,-,-,-,-,-,0,28.65,15,28.6,28.7,33.45,28.75,,一般,,
2017/10/20,HY1,201803,-,-,-,-,-,-,0,28.6,2,-,28.85,33.55,32.1,,一般,,
2017/10/23,HY1,201712,-,-,-,-,-,-,0,28.6,15,28.6,28.75,33.45,28.75,,一般,,
2017/10/23,HY1,201803,-,-,-,-,-,-,0,28.65,2,-,-,33.55,32.1,,一般,,
2017/10/24,HY1,201712,-,-,-,-,-,-,0,28.7,15,28.6,28.75,33.45,28.75,,一般,,
2017/10/24,HY1,201803,-,-,-,-,-,-,0,28.65,2,-,-,33.55,32.1,,一般,,
2017/10/25,HY1,201712,28.65,28.65,28.65,28.65,-0.05,-0.17%,1,28.65,14,28.6,28.85,33.45,28.65,,一般,,
2017/10/25,HY1,201803,-,-,-,-,-,-,0,28.75,2,-,-,33.55,32.1,,一般,,
2017/10/26,HY1,201712,-,-,-,-,-,-,0,28.55,14,28.45,-,33.45,28.65,,一般,,
2017/10/26,HY1,201803,-,-,-,-,-,-,0,28.55,2,-,-,33.55,32.1,,一般,,
2017/10/27,HY1,201712,28.8,28.8,28.8,28.8,0.25,0.88%,1,28.9,13,28.55,-,33.45,28.65,,一般,,
2017/10/27,HY1,201803,-,-,-,-,-,-,0,28.75,2,-,-,33.55,32.1,,一般,,
2017/10/30,HY1,201712,-,-,-,-,-,-,0,28.5,13,28.3,-,33.45,28.65,,一般,,
2017/10/30,HY1,201803,-,-,-,-,-,-,0,28.5,2,-,-,33.55,32.1,,一般,,
2017/10/31,HY1,201712,-,-,-,-,-,-,0,28.55,13,28.5,-,33.45,28.65,,一般,,
2017/10/31,HY1,201803,-,-,-,-,-,-,0,28.5,2,-,-,33.55,32.1,,一般,,
2017/11/1,HY1,201712,-,-,-,-,-,-,0,28.55,13,-,-,33.45,28.65,,一般,,
2017/11/1,HY1,201803,-,-,-,-,-,-,0,28.55,2,-,-,33.55,32.1,,一般,,
2017/11/2,HY1,201712,28.85,28.85,28.85,28.85,0.3,1.05%,1,28.85,13,-,-,33.45,28.65,,一般,,
2017/11/2,HY1,201803,-,-,-,-,-,-,0,28.9,2,-,-,33.55,32.1,,一般,,
2017/11/3,HY1,201712,-,-,-,-,-,-,0,28.85,13,-,-,33.45,28.65,,一般,,
2017/11/3,HY1,201803,-,-,-,-,-,-,0,28.9,2,-,-,33.55,32.1,,一般,,
2017/11/6,HY1,201712,-,-,-,-,-,-,0,28.6,13,28.3,-,33.45,28.65,,一般,,
2017/11/6,HY1,201803,-,-,-,-,-,-,0,28.55,2,-,-,33.55,32.1,,一般,,
2017/11/7,HY1,201712,28.8,28.8,28.8,28.8,0.2,0.70%,1,28.8,13,28.6,-,33.45,28.65,,一般,,
2017/11/7,HY1,201803,-,-,-,-,-,-,0,28.85,2,-,-,33.55,32.1,,一般,,
2017/11/8,HY1,201712,-,-,-,-,-,-,0,28.75,13,28.3,-,33.45,28.65,,一般,,
2017/11/8,HY1,201803,-,-,-,-,-,-,0,28.8,2,-,-,33.55,32.1,,一般,,
2017/11/9,HY1,201712,-,-,-,-,-,-,0,28.5,13,28.5,-,33.45,28.65,,一般,,
2017/11/9,HY1,201803,-,-,-,-,-,-,0,28.55,2,-,-,33.55,32.1,,一般,,
2017/11/10,HY1,201712,-,-,-,-,-,-,0,28.6,13,28.2,-,33.45,28.65,,一般,,
2017/11/10,HY1,201803,-,-,-,-,-,-,0,28.5,2,-,-,33.55,32.1,,一般,,
2017/11/13,HY1,201712,-,-,-,-,-,-,0,28.75,13,28.3,-,33.45,28.65,,一般,,
2017/11/13,HY1,201803,-,-,-,-,-,-,0,28.75,2,-,-,33.55,32.1,,一般,,
2017/11/14,HY1,201712,28.75,28.75,28.75,28.75,0,0.00%,4,28.6,13,28.3,30.5,33.45,28.65,,一般,,
2017/11/14,HY1,201803,-,-,-,-,-,-,0,28.5,2,27,30.5,33.55,32.1,,一般,,
2017/11/15,HY1,201712,-,-,-,-,-,-,0,28.5,13,28,-,33.45,28.65,,一般,,
2017/11/15,HY1,201803,-,-,-,-,-,-,0,28.45,2,-,-,33.55,32.1,,一般,,
2017/11/16,HY1,201712,-,-,-,-,-,-,0,28.6,13,28.35,-,33.45,28.65,,一般,,
2017/11/16,HY1,201803,-,-,-,-,-,-,0,28.55,2,28,-,33.55,32.1,,一般,,
2017/11/17,HY1,201712,-,-,-,-,-,-,0,28.6,13,28.4,28.7,33.45,28.65,,一般,,
2017/11/17,HY1,201803,-,-,-,-,-,-,0,28.55,2,27.8,-,33.55,32.1,,一般,,
2017/11/20,HY1,201712,-,-,-,-,-,-,0,28.9,13,28.35,-,33.45,28.65,,一般,,
2017/11/20,HY1,201803,-,-,-,-,-,-,0,28.85,2,26.95,-,33.55,32.1,,一般,,
2017/11/21,HY1,201712,29.8,30.15,29.8,30.15,1.25,4.33%,20,30.25,10,-,-,33.45,28.65,,一般,,
2017/11/21,HY1,201803,-,-,-,-,-,-,0,30.1,2,-,-,33.55,32.1,,一般,,
2017/11/22,HY1,201712,30.55,30.8,30.55,30.8,0.55,1.82%,8,30.45,10,-,-,33.45,28.65,,一般,,
2017/11/22,HY1,201803,-,-,-,-,-,-,0,30.3,2,-,30.5,33.55,32.1,,一般,,
2017/11/23,HY1,201712,-,-,-,-,-,-,0,30.6,10,-,-,33.45,28.65,,一般,,
2017/11/23,HY1,201803,-,-,-,-,-,-,0,30.45,2,-,30.5,33.55,32.1,,一般,,
2017/11/24,HY1,201712,-,-,-,-,-,-,0,30.25,10,-,-,33.45,28.65,,一般,,
2017/11/24,HY1,201803,-,-,-,-,-,-,0,30.1,2,-,30.8,33.55,32.1,,一般,,
2017/11/27,HY1,201712,30.1,30.15,30.1,30.15,-0.1,-0.33%,2,29.65,9,28.45,32.05,33.45,28.65,,一般,,
2017/11/27,HY1,201803,-,-,-,-,-,-,0,29.5,2,28.3,31.9,33.55,32.1,,一般,,
2017/11/28,HY1,201712,-,-,-,-,-,-,0,29.8,9,-,-,33.45,28.65,,一般,,
2017/11/28,HY1,201803,-,-,-,-,-,-,0,29.65,2,-,-,33.55,32.1,,一般,,
2017/11/29,HY1,201712,29.75,29.75,29.75,29.75,-0.05,-0.17%,1,29.8,10,-,-,33.45,28.65,,一般,,
2017/11/29,HY1,201803,-,-,-,-,-,-,0,29.65,2,-,-,33.55,32.1,,一般,,
2017/11/30,HY1,201712,29.7,29.7,29.7,29.7,-0.1,-0.34%,1,28.75,9,-,-,33.45,28.65,,一般,,
2017/11/30,HY1,201803,-,-,-,-,-,-,0,28.6,2,-,-,33.55,32.1,,一般,,
2017/12/1,HY1,201712,-,-,-,-,-,-,0,29.5,9,28.75,-,33.45,28.65,,一般,,
2017/12/1,HY1,201803,-,-,-,-,-,-,0,29.35,2,-,-,33.55,32.1,,一般,,
2017/12/4,HY1,201712,-,-,-,-,-,-,0,29.75,9,-,-,33.45,28.65,,一般,,
2017/12/4,HY1,201803,-,-,-,-,-,-,0,29.6,2,-,-,33.55,32.1,,一般,,
2017/12/5,HY1,201712,-,-,-,-,-,-,0,29.9,9,-,30.25,33.45,28.65,,一般,,
2017/12/5,HY1,201803,-,-,-,-,-,-,0,29.75,2,-,-,33.55,32.1,,一般,,
2017/12/6,HY1,201712,29.85,29.85,29.85,29.85,-0.05,-0.17%,1,29.65,9,-,30.5,33.45,28.65,,一般,,
2017/12/6,HY1,201803,-,-,-,-,-,-,0,29.5,2,-,-,33.55,32.1,,一般,,
2017/12/7,HY1,201712,-,-,-,-,-,-,0,29.65,9,-,-,33.45,28.65,,一般,,
2017/12/7,HY1,201803,-,-,-,-,-,-,0,29.5,2,-,-,33.55,32.1,,一般,,
2017/12/8,HY1,201712,-,-,-,-,-,-,0,29.65,9,-,-,33.45,28.65,,一般,,
2017/12/8,HY1,201803,-,-,-,-,-,-,0,29.5,2,-,-,33.55,32.1,,一般,,
2017/12/11,HY1,201712,30.2,30.2,30.2,30.2,0.55,1.85%,2,30.15,8,-,-,33.45,28.65,,一般,,
2017/12/11,HY1,201803,-,-,-,-,-,-,0,30,2,-,-,33.55,32.1,,一般,,
2017/12/12,HY1,201712,-,-,-,-,-,-,0,30.05,8,28.35,31.95,33.45,28.65,,一般,,
2017/12/12,HY1,201803,-,-,-,-,-,-,0,29.9,2,28.2,31.8,33.55,32.1,,一般,,
2017/12/13,HY1,201712,-,-,-,-,-,-,0,30.1,8,-,-,33.45,28.65,,一般,,
2017/12/13,HY1,201803,-,-,-,-,-,-,0,29.95,2,-,-,33.55,32.1,,一般,,
2017/12/14,HY1,201712,30.35,30.35,30.35,30.35,0.25,0.83%,6,30.45,8,-,30.45,33.45,28.65,,一般,,
2017/12/14,HY1,201803,-,-,-,-,-,-,0,30.3,2,-,-,33.55,32.1,,一般,,
2017/12/15,HY1,201712,-,-,-,-,-,-,0,29.75,8,-,-,33.45,28.65,,一般,,
2017/12/15,HY1,201803,-,-,-,-,-,-,0,29.6,2,-,-,33.55,32.1,,一般,,
2017/12/18,HY1,201712,-,-,-,-,-,-,0,29.7,8,-,-,33.45,28.65,,一般,,
2017/12/18,HY1,201803,-,-,-,-,-,-,0,29.55,2,-,-,33.55,32.1,,一般,,
2017/12/19,HY1,201712,-,-,-,-,-,-,0,29.45,8,27.9,31.5,33.45,28.65,,一般,,
2017/12/19,HY1,201803,-,-,-,-,-,-,0,29.3,2,27.8,31.3,33.55,32.1,,一般,,
2017/12/20,HY1,201712,-,-,-,-,-,-,0,0,8,-,-,33.45,28.65,,一般,,
2017/12/20,HY1,201803,-,-,-,-,-,-,0,29.5,2,-,-,33.55,32.1,,一般,,
2017/12/21,HY1,201803,-,-,-,-,-,-,0,29.65,2,27.85,31.25,33.55,32.1,,一般,,
2017/12/22,HY1,201803,-,-,-,-,-,-,0,29.85,2,27.85,31.45,33.55,32.1,,一般,,
2017/12/25,HY1,201803,-,-,-,-,-,-,0,29.7,2,-,-,33.55,32.1,,一般,,
2017/12/26,HY1,201803,-,-,-,-,-,-,0,29.55,2,-,-,33.55,32.1,,一般,,
2017/12/27,HY1,201803,-,-,-,-,-,-,0,29.65,2,-,-,33.55,32.1,,一般,,
2017/12/28,HY1,201803,-,-,-,-,-,-,0,29.9,2,-,-,33.55,32.1,,一般,,
2017/12/29,HY1,201803,-,-,-,-,-,-,0,29.95,2,28.1,31.7,33.55,32.1,,一般,,
交易日期,契約,到期月份(週別),開盤價,最高價,最低價,收盤價,漲跌價,漲跌%,成交量,結算價,未沖銷契約數,最後最佳買價,最後最佳賣價,歷史最高價,歷史最低價,是否因訊息面暫停交易,交易時段,價差對單式委託成交量,Unnamed: 19
2018/01/02,HY1,201803  ,-,-,-,-,-,-,0.0,30,2,-,-,33.55,32.1,,一般,,
2018/01/03,HY1,201803  ,-,-,-,-,-,-,0.0,30.25,2,-,-,33.55,32.1,,一般,,
2018/01/04,HY1,201803  ,-,-,-,-,-,-,0.0,30.3,2,-,-,33.55,32.1,,一般,,
2018/01/05,HY1,201803  ,-,-,-,-,-,-,0.0,30.3,2,-,-,33.55,32.1,,一般,,
2018/01/08,HY1,201803  ,-,-,-,-,-,-,0.0,30.35,2,-,-,33.55,32.1,,一般,,
2018/01/09,HY1,201803  ,-,-,-,-,-,-,0.0,30.25,2,-,-,33.55,32.1,,一般,,
2018/01/10,HY1,201803  ,-,-,-,-,-,-,0.0,30.5,2,-,-,33.55,32.1,,一般,,
2018/01/11,HY1,201803  ,-,-,-,-,-,-,0.0,30.45,2,-,-,33.55,32.1,,一般,,
2018/01/12,HY1,201803  ,-,-,-,-,-,-,0.0,30.55,2,-,-,33.55,32.1,,一般,,
2018/01/15,HY1,201803  ,-,-,-,-,-,-,0.0,30.7,2,-,-,33.55,32.1,,一般,,
2018/01/16,HY1,201803  ,-,-,-,-,-,-,0.0,30.9,2,-,-,33.55,32.1,,一般,,
2018/01/17,HY1,201803  ,-,-,-,-,-,-,0.0,30.95,2,29.05,32.75,33.55,32.1,,一般,,
2018/01/18,HY1,201803  ,-,-,-,-,-,-,0.0,31.15,2,29.1,32.8,33.55,32.1,,一般,,
2018/01/19,HY1,201803  ,-,-,-,-,-,-,0.0,31.3,2,-,-,33.55,32.1,,一般,,
2018/01/22,HY1,201803  ,-,-,-,-,-,-,0.0,31.05,2,29.4,33.2,33.55,32.1,,一般,,
2018/01/23,HY1,201803  ,-,-,-,-,-,-,0.0,31,2,-,-,33.55,32.1,,一般,,
2018/01/24,HY1,201803  ,-,-,-,-,-,-,0.0,30.65,2,-,-,33.55,32.1,,一般,,
2018/01/25,HY1,201803  ,-,-,-,-,-,-,0.0,30.45,2,-,-,33.55,32.1,,一般,,
2018/01/26,HY1,201803  ,-,-,-,-,-,-,0.0,30.4,2,-,-,33.55,32.1,,一般,,
2018/01/29,HY1,201803  ,-,-,-,-,-,-,0.0,30.45,2,-,-,33.55,32.1,,一般,,
2018/01/30,HY1,201803  ,-,-,-,-,-,-,0.0,30.1,2,-,-,33.55,32.1,,一般,,
2018/01/31,HY1,201803  ,-,-,-,-,-,-,0.0,29.95,2,-,-,33.55,32.1,,一般,,
2018/02/01,HY1,201803  ,-,-,-,-,-,-,0.0,30.15,2,-,-,33.55,32.1,,一般,,
2018/02/02,HY1,201803  ,-,-,-,-,-,-,0.0,30.15,2,-,-,33.55,32.1,,一般,,
2018/02/05,HY1,201803  ,-,-,-,-,-,-,0.0,29.85,2,-,-,33.55,32.1,,一般,,
2018/02/06,HY1,201803  ,-,-,-,-,-,-,0.0,28.25,2,-,-,33.55,32.1,,一般,,
2018/02/07,HY1,201803  ,-,-,-,-,-,-,0.0,29,2,-,-,33.55,32.1,,一般,,
2018/02/08,HY1,201803  ,-,-,-,-,-,-,0.0,28.75,2,-,-,33.55,32.1,,一般,,
2018/02/09,HY1,201803  ,-,-,-,-,-,-,0.0,29.05,2,-,-,33.55,32.1,,一般,,
2018/02/12,HY1,201803  ,-,-,-,-,-,-,0.0,29.15,2,-,-,33.55,32.1,,一般,,
2018/02/21,HY1,201803  ,-,-,-,-,-,-,0.0,29.55,2,-,-,33.55,32.1,,一般,,
2018/02/22,HY1,201803  ,-,-,-,-,-,-,0.0,29.45,2,-,-,33.55,32.1,,一般,,
2018/02/23,HY1,201803  ,-,-,-,-,-,-,0.0,30,2,-,-,33.55,32.1,,一般,,
2018/02/26,HY1,201803  ,-,-,-,-,-,-,0.0,30.1,2,-,-,33.55,32.1,,一般,,
2018/02/27,HY1,201803  ,-,-,-,-,-,-,0.0,29.45,2,-,-,33.55,32.1,,一般,,
2018/03/01,HY1,201803  ,-,-,-,-,-,-,0.0,29.55,2,-,-,33.55,32.1,,一般,,
2018/03/02,HY1,201803  ,-,-,-,-,-,-,0.0,29.5,2,-,-,33.55,32.1,,一般,,
2018/03/05,HY1,201803  ,-,-,-,-,-,-,0.0,29.05,2,-,-,33.55,32.1,,一般,,
2018/03/06,HY1,201803  ,-,-,-,-,-,-,0.0,29.55,2,-,-,33.55,32.1,,一般,,
2018/03/07,HY1,201803  ,-,-,-,-,-,-,0.0,29.65,2,-,-,33.55,32.1,,一般,,
2018/03/08,HY1,201803  ,-,-,-,-,-,-,0.0,29.9,2,-,-,33.55,32.1,,一般,,
2018/03/09,HY1,201803  ,-,-,-,-,-,-,0.0,29.75,2,-,-,33.55,32.1,,一般,,
2018/03/12,HY1,201803  ,-,-,-,-,-,-,0.0,30.4,2,-,-,33.55,32.1,,一般,,
2018/03/13,HY1,201803  ,-,-,-,-,-,-,0.0,30.25,2,-,-,33.55,32.1,,一般,,
2018/03/14,HY1,201803  ,-,-,-,-,-,-,0.0,30.35,2,-,-,33.55,32.1,,一般,,
2018/03/15,HY1,201803  ,-,-,-,-,-,-,0.0,30.2,2,-,-,33.55,32.1,,一般,,
2018/03/16,HY1,201803  ,-,-,-,-,-,-,0.0,30.8,2,-,31.1,33.55,32.1,,一般,,
2018/03/19,HY1,201803  ,-,-,-,-,-,-,0.0,30.7,2,-,-,33.55,32.1,,一般,,
2018/03/20,HY1,201803  ,-,-,-,-,-,-,0.0,30.45,2,-,-,33.55,32.1,,一般,,
2018/03/21,HY1,201803  ,-,-,-,-,-,-,0.0,0,2,-,-,33.55,32.1,,一般,,
2018/08/03,HY1,201808  ,30.4,30.5,30,30.05,-0.35,-1.15%,151.0,30.05,168,-,30,33.15,30,,一般,,
2018/08/03,HY1,201809  ,-,-,-,-,-,-,0.0,30.15,8,-,-,32.2,31.65,,一般,,
2018/08/03,HY1,201812  ,-,-,-,-,-,-,0.0,30.15,3,-,-,32.55,31,,一般,,
2018/08/06,HY1,201808  ,30.15,30.25,30.15,30.25,0.2,0.67%,37.0,30.2,161,-,30.2,33.15,30,,一般,,
2018/08/06,HY1,201809  ,30.15,30.15,30.15,30.15,0,0.00%,5.0,30.15,12,-,30.2,32.2,30.15,,一般,,
2018/08/06,HY1,201812  ,-,-,-,-,-,-,0.0,30.3,3,-,-,32.55,31,,一般,,
2018/08/07,HY1,201808  ,30.1,30.1,30,30,-0.2,-0.66%,10.0,30,152,29.9,30.1,33.15,30,,一般,,
2018/08/07,HY1,201809  ,-,-,-,-,-,-,0.0,30,12,-,30.1,32.2,30.15,,一般,,
2018/08/07,HY1,201812  ,-,-,-,-,-,-,0.0,30.1,3,-,-,32.55,31,,一般,,
2018/08/08,HY1,201808  ,30.3,30.3,30.1,30.1,0.1,0.33%,4.0,30.2,151,29.9,30.3,33.15,30,,一般,,
2018/08/08,HY1,201809  ,30.15,30.15,30.15,30.15,0.15,0.50%,2.0,30.35,11,-,-,32.2,30.15,,一般,,
2018/08/08,HY1,201812  ,-,-,-,-,-,-,0.0,30.3,3,-,-,32.55,31,,一般,,
2018/08/09,HY1,201808  ,30.5,30.5,30.45,30.45,0.25,0.83%,10.0,30.5,141,30.2,33.1,33.15,30,,一般,,
2018/08/09,HY1,201809  ,30.45,30.45,30.45,30.45,0.1,0.33%,10.0,30.45,21,-,30.5,32.2,30.15,,一般,,
2018/08/09,HY1,201812  ,-,-,-,-,-,-,0.0,30.6,3,-,-,32.55,31,,一般,,
2018/08/10,HY1,201808  ,30.35,30.35,30.35,30.35,-0.15,-0.49%,3.0,30.35,138,-,-,33.15,30,,一般,,
2018/08/10,HY1,201809  ,-,-,-,-,-,-,0.0,30.3,21,-,-,32.2,30.15,,一般,,
2018/08/10,HY1,201812  ,-,-,-,-,-,-,0.0,30.45,3,-,-,32.55,31,,一般,,
2018/08/13,HY1,201808  ,30,30,29.85,29.9,-0.45,-1.48%,5.0,29.9,133,28.55,30,33.15,29.85,,一般,,
2018/08/13,HY1,201809  ,-,-,-,-,-,-,0.0,29.85,21,28.5,-,32.2,30.15,,一般,,
2018/08/13,HY1,201812  ,-,-,-,-,-,-,0.0,30,3,-,-,32.55,31,,一般,,
2018/08/14,HY1,201808  ,30,30,30,30,0.1,0.33%,1.0,30,132,-,-,33.15,29.85,,一般,,
2018/08/14,HY1,201809  ,-,-,-,-,-,-,0.0,29.95,21,-,-,32.2,30.15,,一般,,
2018/08/14,HY1,201812  ,-,-,-,-,-,-,0.0,30.1,3,-,-,32.55,31,,一般,,
2018/08/15,HY1,201808  ,29.95,29.95,29.95,29.95,-0.05,-0.17%,2.0,0,130,28.35,30,33.15,29.85,,一般,,
2018/08/15,HY1,201809  ,-,-,-,-,-,-,0.0,29.85,21,-,30.05,32.2,30.15,,一般,,
2018/08/15,HY1,201812  ,-,-,-,-,-,-,0.0,30.05,3,-,-,32.55,31,,一般,,
2018/08/16,HY1,201809  ,30,30,30,30,0.15,0.50%,12.0,30,31,-,30,32.2,30,,一般,,
2018/08/16,HY1,201812  ,-,-,-,-,-,-,0.0,30.2,3,-,-,32.55,31,,一般,,
2018/08/17,HY1,201809  ,-,-,-,-,-,-,0.0,30.1,31,-,-,32.2,30,,一般,,
2018/08/17,HY1,201812  ,-,-,-,-,-,-,0.0,30.3,3,-,-,32.55,31,,一般,,
2018/08/20,HY1,201809  ,-,-,-,-,-,-,0.0,29.8,31,-,-,32.2,30,,一般,,
2018/08/20,HY1,201812  ,-,-,-,-,-,-,0.0,29.85,3,-,-,32.55,31,,一般,,
2018/08/21,HY1,201809  ,-,-,-,-,-,-,0.0,29.85,31,-,-,32.2,30,,一般,,
2018/08/21,HY1,201812  ,-,-,-,-,-,-,0.0,29.9,3,-,-,32.55,31,,一般,,
2018/08/22,HY1,201809  ,-,-,-,-,-,-,0.0,29.95,31,-,-,32.2,30,,一般,,
2018/08/22,HY1,201812  ,-,-,-,-,-,-,0.0,30,3,-,-,32.55,31,,一般,,
2018/08/23,HY1,201809  ,29.95,29.95,29.9,29.9,-0.05,-0.17%,2.0,29.9,32,-,-,32.2,29.9,,一般,,
2018/08/23,HY1,201812  ,-,-,-,-,-,-,0.0,29.95,3,-,-,32.55,31,,一般,,
2018/08/24,HY1,201809  ,-,-,-,-,-,-,0.0,29.75,32,-,-,32.2,29.9,,一般,,
2018/08/24,HY1,201812  ,-,-,-,-,-,-,0.0,29.8,3,-,-,32.55,31,,一般,,
2018/08/27,HY1,201809  ,-,-,-,-,-,-,0.0,30,32,-,-,32.2,29.9,,一般,,
2018/08/27,HY1,201812  ,-,-,-,-,-,-,0.0,30.05,3,-,-,32.55,31,,一般,,
2018/08/28,HY1,201809  ,-,-,-,-,-,-,0.0,29.8,32,-,-,32.2,29.9,,一般,,
2018/08/28,HY1,201812  ,-,-,-,-,-,-,0.0,29.85,3,-,-,32.55,31,,一般,,
2018/08/29,HY1,201809  ,-,-,-,-,-,-,0.0,30.25,32,-,-,32.2,29.9,,一般,,
2018/08/29,HY1,201812  ,-,-,-,-,-,-,0.0,30.3,3,-,-,32.55,31,,一般,,
2018/08/30,HY1,201809  ,-,-,-,-,-,-,0.0,30.3,32,-,-,32.2,29.9,,一般,,
2018/08/30,HY1,201812  ,-,-,-,-,-,-,0.0,30.35,3,-,-,32.55,31,,一般,,
2018/08/31,HY1,201809  ,-,-,-,-,-,-,0.0,30.4,32,-,-,32.2,29.9,,一般,,
2018/08/31,HY1,201812  ,-,-,-,-,-,-,0.0,30.45,3,-,-,32.55,31,,一般,,
2018/08/06,HY1,201808/201809     ,-,-,-,-,-,-,,-,-,-,-,-,-,,一般,1.0,
2018/09/03,HY1,201809  ,-,-,-,-,-,-,0.0,30.2,32,-,-,32.2,29.9,,一般,,
2018/09/03,HY1,201812  ,-,-,-,-,-,-,0.0,30.25,3,30.2,-,32.55,31,,一般,,
2018/09/04,HY1,201809  ,-,-,-,-,-,-,0.0,30.35,32,-,-,32.2,29.9,,一般,,
2018/09/04,HY1,201812  ,-,-,-,-,-,-,0.0,30.4,3,-,-,32.55,31,,一般,,
2018/09/05,HY1,201809  ,-,-,-,-,-,-,0.0,30.1,32,-,30.15,32.2,29.9,,一般,,
2018/09/05,HY1,201812  ,-,-,-,-,-,-,0.0,30.15,3,-,-,32.55,31,,一般,,
2018/09/06,HY1,201809  ,29.95,29.95,29.95,29.95,-0.15,-0.50%,2.0,29.95,32,-,-,32.2,29.9,,一般,,
2018/09/06,HY1,201812  ,-,-,-,-,-,-,0.0,30,3,-,-,32.55,31,,一般,,
2018/09/07,HY1,201809  ,-,-,-,-,-,-,0.0,29.8,32,-,-,32.2,29.9,,一般,,
2018/09/07,HY1,201812  ,-,-,-,-,-,-,0.0,29.85,3,-,-,32.55,31,,一般,,
2018/09/10,HY1,201809  ,-,-,-,-,-,-,0.0,29.65,32,-,-,32.2,29.9,,一般,,
2018/09/10,HY1,201812  ,-,-,-,-,-,-,0.0,29.7,3,-,-,32.55,31,,一般,,
2018/09/11,HY1,201809  ,-,-,-,-,-,-,0.0,29.85,32,-,-,32.2,29.9,,一般,,
2018/09/11,HY1,201812  ,-,-,-,-,-,-,0.0,29.9,3,-,-,32.55,31,,一般,,
2018/09/12,HY1,201809  ,-,-,-,-,-,-,0.0,29.4,32,-,-,32.2,29.9,,一般,,
2018/09/12,HY1,201812  ,-,-,-,-,-,-,0.0,29.55,3,-,-,32.55,31,,一般,,
2018/09/13,HY1,201809  ,-,-,-,-,-,-,0.0,29.65,32,-,-,32.2,29.9,,一般,,
2018/09/13,HY1,201812  ,-,-,-,-,-,-,0.0,29.8,3,-,-,32.55,31,,一般,,
2018/09/14,HY1,201809  ,-,-,-,-,-,-,0.0,29.85,32,-,-,32.2,29.9,,一般,,
2018/09/14,HY1,201812  ,-,-,-,-,-,-,0.0,30,3,-,-,32.55,31,,一般,,
2018/09/17,HY1,201809  ,-,-,-,-,-,-,0.0,29.4,32,-,-,32.2,29.9,,一般,,
2018/09/17,HY1,201812  ,-,-,-,-,-,-,0.0,29.55,3,-,-,32.55,31,,一般,,
2018/09/18,HY1,201809  ,-,-,-,-,-,-,0.0,29.4,32,-,-,32.2,29.9,,一般,,
2018/09/18,HY1,201812  ,29.75,29.75,29.75,29.75,0.2,0.68%,1.0,29.75,4,-,-,32.55,29.75,,一般,,
2018/09/19,HY1,201809  ,-,-,-,-,-,-,0.0,0,32,26.5,29.8,32.2,29.9,,一般,,
2018/09/19,HY1,201812  ,-,-,-,-,-,-,0.0,29.75,4,-,-,32.55,29.75,,一般,,
2018/09/20,HY1,201812  ,-,-,-,-,-,-,0.0,29.8,4,-,-,32.55,29.75,,一般,,
2018/09/21,HY1,201812  ,-,-,-,-,-,-,0.0,30.15,4,-,-,32.55,29.75,,一般,,
2018/09/25,HY1,201812  ,-,-,-,-,-,-,0.0,30.45,4,-,-,32.55,29.75,,一般,,
2018/09/26,HY1,201812  ,-,-,-,-,-,-,0.0,30.3,4,-,-,32.55,29.75,,一般,,
2018/09/27,HY1,201812  ,-,-,-,-,-,-,0.0,30.55,4,-,-,32.55,29.75,,一般,,
2018/09/28,HY1,201812  ,-,-,-,-,-,-,0.0,30.7,4,-,-,32.55,29.75,,一般,,
2018/10/01,HY1,201812  ,-,-,-,-,-,-,0.0,30.75,4,-,-,32.55,29.75,,一般,,
2018/10/02,HY1,201812  ,-,-,-,-,-,-,0.0,30.45,4,-,-,32.55,29.75,,一般,,
2018/10/03,HY1,201812  ,-,-,-,-,-,-,0.0,30.35,4,-,-,32.55,29.75,,一般,,
2018/10/04,HY1,201812  ,29.95,29.95,29.95,29.95,-0.4,-1.32%,1.0,30.15,3,-,-,32.55,29.75,,一般,,
2018/10/05,HY1,201812  ,-,-,-,-,-,-,0.0,30.1,3,-,-,32.55,29.75,,一般,,
2018/10/08,HY1,201812  ,-,-,-,-,-,-,0.0,29.75,3,-,-,32.55,29.75,,一般,,
2018/10/09,HY1,201812  ,-,-,-,-,-,-,0.0,29.75,3,-,-,32.55,29.75,,一般,,
2018/10/11,HY1,201812  ,-,-,-,-,-,-,0.0,28.5,3,-,-,32.55,29.75,,一般,,
2018/10/12,HY1,201812  ,-,-,-,-,-,-,0.0,28.8,3,28.5,-,32.55,29.75,,一般,,
2018/10/15,HY1,201812  ,-,-,-,-,-,-,0.0,28.55,3,-,-,32.55,29.75,,一般,,
2018/10/16,HY1,201812  ,-,-,-,-,-,-,0.0,28.75,3,-,-,32.55,29.75,,一般,,
2018/10/17,HY1,201812  ,-,-,-,-,-,-,0.0,28.8,3,-,-,32.55,29.75,,一般,,
2018/10/18,HY1,201812  ,-,-,-,-,-,-,0.0,28.65,3,-,-,32.55,29.75,,一般,,
2018/10/19,HY1,201812  ,-,-,-,-,-,-,0.0,28.65,3,-,-,32.55,29.75,,一般,,
2018/10/22,HY1,201812  ,-,-,-,-,-,-,0.0,28.85,3,-,-,32.55,29.75,,一般,,
2018/10/23,HY1,201812  ,-,-,-,-,-,-,0.0,28.35,3,-,-,32.55,29.75,,一般,,
2018/10/24,HY1,201812  ,-,-,-,-,-,-,0.0,28.4,3,-,-,32.55,29.75,,一般,,
2018/10/25,HY1,201812  ,-,-,-,-,-,-,0.0,27.85,3,-,-,32.55,29.75,,一般,,
2018/10/26,HY1,201812  ,-,-,-,-,-,-,0.0,28.25,3,-,-,32.55,29.75,,一般,,
2018/10/29,HY1,201812  ,-,-,-,-,-,-,0.0,28.25,3,-,-,32.55,29.75,,一般,,
2018/10/30,HY1,201812  ,-,-,-,-,-,-,0.0,28.3,3,-,-,32.55,29.75,,一般,,
2018/10/31,HY1,201812  ,-,-,-,-,-,-,0.0,29.4,3,-,-,32.55,29.75,,一般,,
2018/11/01,HY1,201812  ,-,-,-,-,-,-,0.0,29.3,3,-,-,32.55,29.75,,一般,,
2018/11/02,HY1,201812  ,-,-,-,-,-,-,0.0,29.45,3,-,-,32.55,29.75,,一般,,
2018/11/05,HY1,201812  ,-,-,-,-,-,-,0.0,29.55,3,-,-,32.55,29.75,,一般,,
2018/11/06,HY1,201812  ,-,-,-,-,-,-,0.0,29.55,3,-,-,32.55,29.75,,一般,,
2018/11/07,HY1,201812  ,-,-,-,-,-,-,0.0,29.9,3,-,-,32.55,29.75,,一般,,
2018/11/08,HY1,201812  ,-,-,-,-,-,-,0.0,29.85,3,-,-,32.55,29.75,,一般,,
2018/11/09,HY1,201812  ,-,-,-,-,-,-,0.0,29.75,3,-,-,32.55,29.75,,一般,,
2018/11/12,HY1,201812  ,-,-,-,-,-,-,0.0,29.75,3,-,-,32.55,29.75,,一般,,
2018/11/13,HY1,201812  ,-,-,-,-,-,-,0.0,29.8,3,-,-,32.55,29.75,,一般,,
2018/11/14,HY1,201812  ,-,-,-,-,-,-,0.0,29.9,3,-,-,32.55,29.75,,一般,,
2018/11/15,HY1,201812  ,-,-,-,-,-,-,0.0,29.85,3,-,-,32.55,29.75,,一般,,
2018/11/16,HY1,201812  ,-,-,-,-,-,-,0.0,29.8,3,-,-,32.55,29.75,,一般,,
2018/11/19,HY1,201812  ,-,-,-,-,-,-,0.0,29.95,3,-,-,32.55,29.75,,一般,,
2018/11/20,HY1,201812  ,-,-,-,-,-,-,0.0,29.75,3,-,-,32.55,29.75,,一般,,
2018/11/21,HY1,201812  ,-,-,-,-,-,-,0.0,29.85,3,-,-,32.55,29.75,,一般,,
2018/11/22,HY1,201812  ,-,-,-,-,-,-,0.0,29.8,3,-,-,32.55,29.75,,一般,,
2018/11/23,HY1,201812  ,-,-,-,-,-,-,0.0,29.4,3,-,-,32.55,29.75,,一般,,
2018/11/26,HY1,201812  ,-,-,-,-,-,-,0.0,29.7,3,-,-,32.55,29.75,,一般,,
2018/11/27,HY1,201812  ,-,-,-,-,-,-,0.0,29.45,3,-,-,32.55,29.75,,一般,,
2018/11/28,HY1,201812  ,-,-,-,-,-,-,0.0,29.25,3,-,-,32.55,29.75,,一般,,
2018/11/29,HY1,201812  ,-,-,-,-,-,-,0.0,29,3,-,-,32.55,29.75,,一般,,
2018/11/30,HY1,201812  ,-,-,-,-,-,-,0.0,29.3,3,26.25,31.9,32.55,29.75,,一般,,
2018/12/03,HY1,201812  ,-,-,-,-,-,-,0.0,29.65,3,-,-,32.55,29.75,,一般,,
2018/12/04,HY1,201812  ,-,-,-,-,-,-,0.0,29.7,3,-,-,32.55,29.75,,一般,,
2018/12/05,HY1,201812  ,-,-,-,-,-,-,0.0,29.4,3,-,-,32.55,29.75,,一般,,
2018/12/06,HY1,201812  ,-,-,-,-,-,-,0.0,29.25,3,-,-,32.55,29.75,,一般,,
2018/12/07,HY1,201812  ,-,-,-,-,-,-,0.0,29.5,3,-,-,32.55,29.75,,一般,,
2018/12/10,HY1,201812  ,-,-,-,-,-,-,0.0,29,3,-,-,32.55,29.75,,一般,,
2018/12/11,HY1,201812  ,-,-,-,-,-,-,0.0,29.05,3,-,-,32.55,29.75,,一般,,
2018/12/12,HY1,201812  ,-,-,-,-,-,-,0.0,28.95,3,-,-,32.55,29.75,,一般,,
2018/12/13,HY1,201812  ,-,-,-,-,-,-,0.0,28.85,3,-,-,32.55,29.75,,一般,,
2018/12/14,HY1,201812  ,-,-,-,-,-,-,0.0,28.8,3,-,-,32.55,29.75,,一般,,
2018/12/17,HY1,201812  ,-,-,-,-,-,-,0.0,28.8,3,-,-,32.55,29.75,,一般,,
2018/12/18,HY1,201812  ,-,-,-,-,-,-,0.0,28.4,3,-,-,32.55,29.75,,一般,,
2018/12/19,HY1,201812  ,-,-,-,-,-,-,0.0,0,3,-,-,32.55,29.75,,一般,,
交易日期,契約,到期月份(週別),開盤價,最高價,最低價,收盤價,漲跌價,漲跌%,成交量,結算價,未沖銷契約數,最後最佳買價,最後最佳賣價,歷史最高價,歷史最低價,是否因訊息面暫停交易,交易時段,價差對單式委託成交量,Unnamed: 19
2019/06/03,HY1,201906  ,23.8,24.1,23.7,24,-0.15,-0.62%,119.0,23.9,595,23.95,24.15,30.6,22.15,,一般,,
2019/06/03,HY1,201907  ,-,-,-,-,-,-,0.0,23.9,186,23.7,24.05,24.35,22.25,,一般,,
2019/06/03,HY1,201909  ,-,-,-,-,-,-,0.0,23.95,11,-,-,25.05,23.2,,一般,,
2019/06/03,HY1,201912  ,-,-,-,-,-,-,0.0,24.15,20,-,24.2,25.3,25.3,,一般,,
2019/06/03,HY1,202003  ,-,-,-,-,-,-,0.0,24.25,26,-,24.35,25.4,23.15,,一般,,
2019/06/04,HY1,201906  ,24.2,24.35,24.15,24.15,0.25,1.05%,59.0,24.2,563,24.05,24.2,30.6,22.15,,一般,,
2019/06/04,HY1,201907  ,24,24.05,23.9,23.9,0,0.00%,43.0,23.9,201,23.85,23.95,24.35,22.25,,一般,,
2019/06/04,HY1,201909  ,-,-,-,-,-,-,0.0,24.25,11,-,24.25,25.05,23.2,,一般,,
2019/06/04,HY1,201912  ,-,-,-,-,-,-,0.0,24.45,20,-,-,25.3,25.3,,一般,,
2019/06/04,HY1,202003  ,-,-,-,-,-,-,0.0,24.55,26,-,-,25.4,23.15,,一般,,
2019/06/05,HY1,201906  ,24.35,24.6,24.3,24.3,0.1,0.41%,50.0,24.15,556,24.25,24.3,30.6,22.15,,一般,,
2019/06/05,HY1,201907  ,24.45,24.5,24.3,24.3,0.4,1.67%,9.0,24.15,201,24.05,24.25,24.5,22.25,,一般,,
2019/06/05,HY1,201909  ,-,-,-,-,-,-,0.0,24.2,11,-,24.45,25.05,23.2,,一般,,
2019/06/05,HY1,201912  ,-,-,-,-,-,-,0.0,24.4,20,-,-,25.3,25.3,,一般,,
2019/06/05,HY1,202003  ,-,-,-,-,-,-,0.0,24.5,26,-,-,25.4,23.15,,一般,,
2019/06/06,HY1,201906  ,24.25,24.25,24.25,24.25,0.1,0.41%,16.0,24.25,540,24.15,24.35,30.6,22.15,,一般,,
2019/06/06,HY1,201907  ,-,-,-,-,-,-,0.0,24.1,201,23.95,24.3,24.5,22.25,,一般,,
2019/06/06,HY1,201909  ,-,-,-,-,-,-,0.0,24.3,11,-,-,25.05,23.2,,一般,,
2019/06/06,HY1,201912  ,-,-,-,-,-,-,0.0,24.5,20,-,-,25.3,25.3,,一般,,
2019/06/06,HY1,202003  ,-,-,-,-,-,-,0.0,24.6,26,-,-,25.4,23.15,,一般,,
2019/06/10,HY1,201906  ,24.1,24.5,24.1,24.45,0.2,0.82%,63.0,24.4,541,24.4,24.55,30.6,22.15,,一般,,
2019/06/10,HY1,201907  ,-,-,-,-,-,-,0.0,24.35,201,24.25,24.5,24.5,22.25,,一般,,
2019/06/10,HY1,201909  ,-,-,-,-,-,-,0.0,24.45,11,-,-,25.05,23.2,,一般,,
2019/06/10,HY1,201912  ,-,-,-,-,-,-,0.0,24.65,20,-,-,25.3,25.3,,一般,,
2019/06/10,HY1,202003  ,-,-,-,-,-,-,0.0,24.75,26,-,-,25.4,23.15,,一般,,
2019/06/11,HY1,201906  ,24.6,25.15,24.4,25.05,0.65,2.66%,98.0,25.05,492,25.05,25.25,30.6,22.15,,一般,,
2019/06/11,HY1,201907  ,24.4,24.9,24.4,24.85,0.5,2.05%,9.0,24.95,202,24.8,25,24.9,22.25,,一般,,
2019/06/11,HY1,201909  ,-,-,-,-,-,-,0.0,25.1,11,-,-,25.05,23.2,,一般,,
2019/06/11,HY1,201912  ,-,-,-,-,-,-,0.0,25.3,20,-,-,25.3,25.3,,一般,,
2019/06/11,HY1,202003  ,-,-,-,-,-,-,0.0,25.4,26,-,-,25.4,23.15,,一般,,
2019/06/12,HY1,201906  ,25.05,25.05,24.65,24.7,-0.35,-1.40%,19.0,24.75,488,24.7,24.9,30.6,22.15,,一般,,
2019/06/12,HY1,201907  ,-,-,-,-,-,-,0.0,24.75,202,24.6,24.9,24.9,22.25,,一般,,
2019/06/12,HY1,201909  ,-,-,-,-,-,-,0.0,24.8,11,-,-,25.05,23.2,,一般,,
2019/06/12,HY1,201912  ,-,-,-,-,-,-,0.0,25,20,-,-,25.3,25.3,,一般,,
2019/06/12,HY1,202003  ,-,-,-,-,-,-,0.0,25.1,26,-,-,25.4,23.15,,一般,,
2019/06/13,HY1,201906  ,24.6,24.65,24.5,24.65,-0.1,-0.40%,16.0,24.65,474,24.6,24.75,30.6,22.15,,一般,,
2019/06/13,HY1,201907  ,24.2,24.2,24.2,24.2,-0.55,-2.22%,1.0,24.6,203,24.4,24.7,24.9,22.25,,一般,,
2019/06/13,HY1,201909  ,-,-,-,-,-,-,0.0,24.7,11,-,-,25.05,23.2,,一般,,
2019/06/13,HY1,201912  ,-,-,-,-,-,-,0.0,24.9,20,-,-,25.3,25.3,,一般,,
2019/06/13,HY1,202003  ,-,-,-,-,-,-,0.0,25,26,-,-,25.4,23.15,,一般,,
2019/06/14,HY1,201906  ,24.5,24.5,24.3,24.3,-0.35,-1.42%,4.0,24.3,472,24.3,24.55,30.6,22.15,,一般,,
2019/06/14,HY1,201907  ,-,-,-,-,-,-,0.0,24.2,203,24.2,24.45,24.9,22.25,,一般,,
2019/06/14,HY1,201909  ,-,-,-,-,-,-,0.0,24.35,11,-,-,25.05,23.2,,一般,,
2019/06/14,HY1,201912  ,-,-,-,-,-,-,0.0,24.55,20,-,-,25.3,25.3,,一般,,
2019/06/14,HY1,202003  ,-,-,-,-,-,-,0.0,24.65,26,-,-,25.4,23.15,,一般,,
2019/06/17,HY1,201906  ,24.4,24.4,24.35,24.35,0.05,0.21%,15.0,24.35,464,24.3,24.5,30.6,22.15,,一般,,
2019/06/17,HY1,201907  ,24.2,-,-,24.2,0,0.00%,2.0,24.25,205,24.2,24.45,24.9,22.25,,一般,,
2019/06/17,HY1,201909  ,-,-,-,-,-,-,0.0,24.4,11,-,-,25.05,23.2,,一般,,
2019/06/17,HY1,201912  ,-,-,-,-,-,-,0.0,24.6,20,-,-,25.3,25.3,,一般,,
2019/06/17,HY1,202003  ,-,-,-,-,-,-,0.0,24.7,26,-,-,25.4,23.15,,一般,,
2019/06/18,HY1,201906  ,24.3,24.3,24.1,24.25,-0.1,-0.41%,31.0,24.1,442,24.15,24.3,30.6,22.15,,一般,,
2019/06/18,HY1,201907  ,24,24.15,24,24,-0.25,-1.03%,3.0,23.9,205,23.85,24.15,24.9,22.25,,一般,,
2019/06/18,HY1,201909  ,-,-,-,-,-,-,0.0,24.15,11,-,-,25.05,23.2,,一般,,
2019/06/18,HY1,201912  ,-,-,-,-,-,-,0.0,24.35,20,-,-,25.3,25.3,,一般,,
2019/06/18,HY1,202003  ,-,-,-,-,-,-,0.0,24.45,26,-,-,25.4,23.15,,一般,,
2019/06/19,HY1,201906  ,24.35,24.5,24.3,24.45,0.35,1.45%,45.0,0,410,24.5,24.65,30.6,22.15,,一般,,
2019/06/19,HY1,201907  ,24.25,24.55,24.2,24.55,0.65,2.72%,22.0,24.35,205,24.2,24.6,24.9,22.25,,一般,,
2019/06/19,HY1,201909  ,-,-,-,-,-,-,0.0,24.65,11,-,-,25.05,23.2,,一般,,
2019/06/19,HY1,201912  ,-,-,-,-,-,-,0.0,24.85,20,-,-,25.3,25.3,,一般,,
2019/06/19,HY1,202003  ,-,-,-,-,-,-,0.0,24.95,26,-,-,25.4,23.15,,一般,,
2019/06/20,HY1,201907  ,24.4,24.45,24.3,24.45,0.1,0.41%,17.0,24.45,208,24.35,24.45,24.9,22.25,,一般,,
2019/06/20,HY1,201909  ,-,-,-,-,-,-,0.0,24.5,11,24.25,24.6,25.05,23.2,,一般,,
2019/06/20,HY1,201912  ,-,-,-,-,-,-,0.0,24.95,20,-,-,25.3,25.3,,一般,,
2019/06/20,HY1,202003  ,-,-,-,-,-,-,0.0,25.05,26,-,-,25.4,23.15,,一般,,
2019/06/21,HY1,201907  ,24.25,24.25,24.2,24.2,-0.25,-1.02%,2.0,24.2,210,24.15,24.35,24.9,22.25,,一般,,
2019/06/21,HY1,201909  ,-,-,-,-,-,-,0.0,24.25,11,24.1,24.5,25.05,23.2,,一般,,
2019/06/21,HY1,201912  ,-,-,-,-,-,-,0.0,24.65,20,-,-,25.3,25.3,,一般,,
2019/06/21,HY1,202003  ,-,-,-,-,-,-,0.0,24.75,26,-,-,25.4,23.15,,一般,,
2019/06/24,HY1,201907  ,-,-,-,-,-,-,0.0,24.35,210,24.35,24.5,24.9,22.25,,一般,,
2019/06/24,HY1,201909  ,-,-,-,-,-,-,0.0,24.4,11,24.3,24.6,25.05,23.2,,一般,,
2019/06/24,HY1,201912  ,-,-,-,-,-,-,0.0,24.8,20,-,-,25.3,25.3,,一般,,
2019/06/24,HY1,202003  ,-,-,-,-,-,-,0.0,24.9,26,-,-,25.4,23.15,,一般,,
2019/06/25,HY1,201907  ,-,-,-,-,-,-,0.0,24.45,210,24.45,24.6,24.9,22.25,,一般,,
2019/06/25,HY1,201909  ,-,-,-,-,-,-,0.0,24.5,11,24.35,24.65,25.05,23.2,,一般,,
2019/06/25,HY1,201912  ,-,-,-,-,-,-,0.0,24.9,20,-,-,25.3,25.3,,一般,,
2019/06/25,HY1,202003  ,-,-,-,-,-,-,0.0,25,26,-,-,25.4,23.15,,一般,,
2019/06/26,HY1,201907  ,-,-,-,-,-,-,0.0,24.4,210,24.25,24.55,24.9,22.25,,一般,,
2019/06/26,HY1,201909  ,-,-,-,-,-,-,0.0,24.45,11,24.2,-,25.05,23.2,,一般,,
2019/06/26,HY1,201912  ,-,-,-,-,-,-,0.0,24.85,20,-,-,25.3,25.3,,一般,,
2019/06/26,HY1,202003  ,-,-,-,-,-,-,0.0,24.95,26,-,-,25.4,23.15,,一般,,
2019/06/27,HY1,201907  ,24.75,24.75,24.75,24.75,0.35,1.43%,1.0,24.5,209,23.7,25,24.9,22.25,,一般,,
2019/06/27,HY1,201909  ,-,-,-,-,-,-,0.0,24.55,11,23.6,-,25.05,23.2,,一般,,
2019/06/27,HY1,201912  ,-,-,-,-,-,-,0.0,24.95,20,-,-,25.3,25.3,,一般,,
2019/06/27,HY1,202003  ,-,-,-,-,-,-,0.0,25.05,26,-,-,25.4,23.15,,一般,,
2019/06/28,HY1,201907  ,24.6,25.55,24.6,25.2,0.7,2.86%,63.0,25.15,166,25.2,25.4,25.55,22.25,,一般,,
2019/06/28,HY1,201909  ,-,-,-,-,-,-,0.0,25.25,11,25.15,25.45,25.05,23.2,,一般,,
2019/06/28,HY1,201912  ,-,-,-,-,-,-,0.0,25.6,20,-,-,25.3,25.3,,一般,,
2019/06/28,HY1,202003  ,-,-,-,-,-,-,0.0,25.7,26,-,-,25.4,23.15,,一般,,
2019/06/05,HY1,201906/201907     ,-,-,-,-,-,-,,-,-,-,-,-,-,,一般,4.0,
2019/06/11,HY1,201906/201907     ,-,-,-,-,-,-,,-,-,-,-,-,-,,一般,7.0,
2019/06/17,HY1,201906/201907     ,-0.09,-0.09,-0.09,-0.09,-,-,2.0,-,-,-0.06,-0.01,0.02,-0.09,,一般,0.0,
2019/06/18,HY1,201906/201907     ,-,-,-,-,-,-,,-,-,-,-,-,-,,一般,2.0,
2019/06/19,HY1,201906/201907     ,-0.06,-0.06,-0.06,-0.06,-,-,4.0,-,-,-,-,0.02,-0.09,,一般,1.0,
2019/07/01,HY1,201907  ,25.6,25.6,25.5,25.55,0.4,1.59%,41.0,25.65,131,25.55,25.85,25.6,22.25,,一般,,
2019/07/01,HY1,201909  ,-,-,-,-,-,-,0.0,25.75,11,25.45,-,25.05,23.2,,一般,,
2019/07/01,HY1,201912  ,-,-,-,-,-,-,0.0,26.1,20,-,-,25.3,25.3,,一般,,
2019/07/01,HY1,202003  ,-,-,-,-,-,-,0.0,26.2,26,-,-,25.4,23.15,,一般,,
2019/07/02,HY1,201907  ,26.2,26.45,26,26,0.35,1.36%,28.0,25.95,130,25.9,26.15,26.45,22.25,,一般,,
2019/07/02,HY1,201909  ,-,-,-,-,-,-,0.0,26.05,11,25.8,26.15,25.05,23.2,,一般,,
2019/07/02,HY1,201912  ,-,-,-,-,-,-,0.0,26.4,20,-,-,25.3,25.3,,一般,,
2019/07/02,HY1,202003  ,-,-,-,-,-,-,0.0,26.5,26,-,-,25.4,23.15,,一般,,
2019/07/03,HY1,201907  ,26.05,26.15,26,26,0.05,0.19%,39.0,25.95,122,25.9,26.05,26.45,22.25,,一般,,
2019/07/03,HY1,201909  ,-,-,-,-,-,-,0.0,26.05,11,25.8,26.1,25.05,23.2,,一般,,
2019/07/03,HY1,201912  ,-,-,-,-,-,-,0.0,26.4,20,-,-,25.3,25.3,,一般,,
2019/07/03,HY1,202003  ,-,-,-,-,-,-,0.0,26.5,26,-,-,25.4,23.15,,一般,,
2019/07/04,HY1,201907  ,25.9,25.95,25.8,25.95,0,0.00%,3.0,26.05,122,26,26.2,26.45,22.25,,一般,,
2019/07/04,HY1,201909  ,-,-,-,-,-,-,0.0,26.15,11,25.95,26.2,25.05,23.2,,一般,,
2019/07/04,HY1,201912  ,-,-,-,-,-,-,0.0,26.5,20,-,-,25.3,25.3,,一般,,
2019/07/04,HY1,202003  ,-,-,-,-,-,-,0.0,26.6,26,-,-,25.4,23.15,,一般,,
2019/07/05,HY1,201907  ,26.1,26.1,26.1,26.1,0.05,0.19%,4.0,26.1,122,26,26.2,26.45,22.25,,一般,,
2019/07/05,HY1,201909  ,-,-,-,-,-,-,0.0,26.2,11,25.9,26.2,25.05,23.2,,一般,,
2019/07/05,HY1,201912  ,-,-,-,-,-,-,0.0,26.55,20,-,-,25.3,25.3,,一般,,
2019/07/05,HY1,202003  ,-,-,-,-,-,-,0.0,26.65,26,-,-,25.4,23.15,,一般,,
2019/07/08,HY1,201907  ,-,-,-,-,-,-,0.0,25.95,122,25.8,26.05,26.45,22.25,,一般,,
2019/07/08,HY1,201909  ,-,-,-,-,-,-,0.0,26.05,11,25.75,26.1,25.05,23.2,,一般,,
2019/07/08,HY1,201912  ,-,-,-,-,-,-,0.0,26.4,20,-,-,25.3,25.3,,一般,,
2019/07/08,HY1,202003  ,-,-,-,-,-,-,0.0,26.5,26,-,-,25.4,23.15,,一般,,
2019/07/09,HY1,201907  ,-,-,-,-,-,-,0.0,25.75,122,25.65,25.95,26.45,22.25,,一般,,
2019/07/09,HY1,201909  ,-,-,-,-,-,-,0.0,25.85,11,25.65,26,25.05,23.2,,一般,,
2019/07/09,HY1,201912  ,-,-,-,-,-,-,0.0,26.2,20,-,-,25.3,25.3,,一般,,
2019/07/09,HY1,202003  ,-,-,-,-,-,-,0.0,26.3,26,-,-,25.4,23.15,,一般,,
2019/07/10,HY1,201907  ,26.05,26.05,26.05,26.05,0.3,1.17%,1.0,26.1,122,25.9,26.4,26.45,22.25,,一般,,
2019/07/10,HY1,201909  ,-,-,-,-,-,-,0.0,26.2,11,25.85,-,25.05,23.2,,一般,,
2019/07/10,HY1,201912  ,-,-,-,-,-,-,0.0,26.55,20,-,-,25.3,25.3,,一般,,
2019/07/10,HY1,202003  ,-,-,-,-,-,-,0.0,26.65,26,-,-,25.4,23.15,,一般,,
2019/07/11,HY1,201907  ,-,-,-,-,-,-,0.0,26.1,122,25.9,26.3,26.45,22.25,,一般,,
2019/07/11,HY1,201909  ,-,-,-,-,-,-,0.0,26.2,11,25.85,26.25,25.05,23.2,,一般,,
2019/07/11,HY1,201912  ,-,-,-,-,-,-,0.0,26.55,20,-,-,25.3,25.3,,一般,,
2019/07/11,HY1,202003  ,-,-,-,-,-,-,0.0,26.65,26,-,-,25.4,23.15,,一般,,
2019/07/12,HY1,201907  ,26.15,26.15,26.15,26.15,0.05,0.19%,2.0,26.1,120,26.05,26.4,26.45,22.25,,一般,,
2019/07/12,HY1,201909  ,-,-,-,-,-,-,0.0,26.3,11,26.05,26.35,25.05,23.2,,一般,,
2019/07/12,HY1,201912  ,-,-,-,-,-,-,0.0,26.55,20,-,-,25.3,25.3,,一般,,
2019/07/12,HY1,202003  ,-,-,-,-,-,-,0.0,26.65,26,-,-,25.4,23.15,,一般,,
2019/07/15,HY1,201907  ,26.5,26.5,26.5,26.5,0.4,1.53%,2.0,26.7,120,26.6,26.8,26.5,22.25,,一般,,
2019/07/15,HY1,201909  ,-,-,-,-,-,-,0.0,26.9,11,26.6,27.1,25.05,23.2,,一般,,
2019/07/15,HY1,201912  ,-,-,-,-,-,-,0.0,27.15,20,-,26.75,25.3,25.3,,一般,,
2019/07/15,HY1,202003  ,-,-,-,-,-,-,0.0,27.25,26,-,26.75,25.4,23.15,,一般,,
2019/07/16,HY1,201907  ,26.55,26.55,26.5,26.55,-0.15,-0.56%,4.0,26.8,120,26.7,26.85,26.55,22.25,,一般,,
2019/07/16,HY1,201909  ,-,-,-,-,-,-,0.0,26.55,11,26.65,26.95,25.05,23.2,,一般,,
2019/07/16,HY1,201912  ,-,-,-,-,-,-,0.0,27.25,20,-,-,25.3,25.3,,一般,,
2019/07/16,HY1,202003  ,-,-,-,-,-,-,0.0,27.35,26,-,-,25.4,23.15,,一般,,
2019/07/17,HY1,201907  ,26.3,26.35,26.3,26.35,-0.45,-1.68%,4.0,0,119,26.3,26.4,26.55,22.25,,一般,,
2019/07/17,HY1,201909  ,-,-,-,-,-,-,0.0,26.45,11,26.35,26.55,25.05,23.2,,一般,,
2019/07/17,HY1,201912  ,-,-,-,-,-,-,0.0,26.8,20,-,-,25.3,25.3,,一般,,
2019/07/17,HY1,202003  ,-,-,-,-,-,-,0.0,26.9,26,-,-,25.4,23.15,,一般,,
2019/07/18,HY1,201909  ,-,-,-,-,-,-,0.0,26.3,11,26.1,26.45,25.05,23.2,,一般,,
2019/07/18,HY1,201912  ,-,-,-,-,-,-,0.0,26.65,20,-,-,25.3,25.3,,一般,,
2019/07/18,HY1,202003  ,-,-,-,-,-,-,0.0,26.75,26,-,-,25.4,23.15,,一般,,
2019/07/19,HY1,201909  ,-,-,-,-,-,-,0.0,26.45,11,26.25,-,25.05,23.2,,一般,,
2019/07/19,HY1,201912  ,-,-,-,-,-,-,0.0,26.95,20,-,-,25.3,25.3,,一般,,
2019/07/19,HY1,202003  ,-,-,-,-,-,-,0.0,27.05,26,-,-,25.4,23.15,,一般,,
2019/07/22,HY1,201909  ,-,-,-,-,-,-,0.0,26.45,11,26.25,27.3,25.05,23.2,,一般,,
2019/07/22,HY1,201912  ,-,-,-,-,-,-,0.0,26.95,20,-,-,25.3,25.3,,一般,,
2019/07/22,HY1,202003  ,-,-,-,-,-,-,0.0,27.05,26,-,-,25.4,23.15,,一般,,
2019/07/23,HY1,201909  ,-,-,-,-,-,-,0.0,26.45,11,-,26.75,25.05,23.2,,一般,,
2019/07/23,HY1,201912  ,-,-,-,-,-,-,0.0,26.8,20,-,-,25.3,25.3,,一般,,
2019/07/23,HY1,202003  ,-,-,-,-,-,-,0.0,26.9,26,-,-,25.4,23.15,,一般,,
2019/07/24,HY1,201909  ,-,-,-,-,-,-,0.0,26.3,11,-,-,25.05,23.2,,一般,,
2019/07/24,HY1,201912  ,-,-,-,-,-,-,0.0,26.55,20,-,-,25.3,25.3,,一般,,
2019/07/24,HY1,202003  ,-,-,-,-,-,-,0.0,26.65,26,-,-,25.4,23.15,,一般,,
2019/07/25,HY1,201909  ,-,-,-,-,-,-,0.0,26.3,11,-,-,25.05,23.2,,一般,,
2019/07/25,HY1,201912  ,-,-,-,-,-,-,0.0,26.55,20,-,-,25.3,25.3,,一般,,
2019/07/25,HY1,202003  ,-,-,-,-,-,-,0.0,26.6,26,-,-,25.4,23.15,,一般,,
2019/07/26,HY1,201909  ,-,-,-,-,-,-,0.0,26.05,11,-,-,25.05,23.2,,一般,,
2019/07/26,HY1,201912  ,-,-,-,-,-,-,0.0,26.4,20,-,-,25.3,25.3,,一般,,
2019/07/26,HY1,202003  ,-,-,-,-,-,-,0.0,26.45,26,-,-,25.4,23.15,,一般,,
2019/07/29,HY1,201909  ,-,-,-,-,-,-,0.0,26.1,11,-,-,25.05,23.2,,一般,,
2019/07/29,HY1,201912  ,-,-,-,-,-,-,0.0,26.5,20,-,-,25.3,25.3,,一般,,
2019/07/29,HY1,202003  ,-,-,-,-,-,-,0.0,26.55,26,-,-,25.4,23.15,,一般,,
2019/07/30,HY1,201909  ,-,-,-,-,-,-,0.0,26.2,11,-,-,25.05,23.2,,一般,,
2019/07/30,HY1,201912  ,-,-,-,-,-,-,0.0,26.6,20,-,-,25.3,25.3,,一般,,
2019/07/30,HY1,202003  ,-,-,-,-,-,-,0.0,26.65,26,-,-,25.4,23.15,,一般,,
2019/07/31,HY1,201909  ,-,-,-,-,-,-,0.0,26.25,11,-,-,25.05,23.2,,一般,,
2019/07/31,HY1,201912  ,-,-,-,-,-,-,0.0,26.6,20,-,-,25.3,25.3,,一般,,
2019/07/31,HY1,202003  ,-,-,-,-,-,-,0.0,26.65,26,-,-,25.4,23.15,,一般,,
2019/08/01,HY1,201909  ,-,-,-,-,-,-,0.0,25.5,11,-,-,25.05,23.2,,一般,,
2019/08/01,HY1,201912  ,-,-,-,-,-,-,0.0,25.85,20,-,-,25.3,25.3,,一般,,
2019/08/01,HY1,202003  ,-,-,-,-,-,-,0.0,25.9,26,-,-,25.4,23.15,,一般,,
2019/08/02,HY1,201909  ,-,-,-,-,-,-,0.0,25.15,11,23,-,25.05,23.2,,一般,,
2019/08/02,HY1,201912  ,-,-,-,-,-,-,0.0,25.5,20,-,-,25.3,25.3,,一般,,
2019/08/02,HY1,202003  ,-,-,-,-,-,-,0.0,25.55,26,-,-,25.4,23.15,,一般,,
2019/08/05,HY1,201909  ,-,-,-,-,-,-,0.0,24.75,11,23,-,25.05,23.2,,一般,,
2019/08/05,HY1,201912  ,-,-,-,-,-,-,0.0,25.15,20,-,-,25.3,25.3,,一般,,
2019/08/05,HY1,202003  ,-,-,-,-,-,-,0.0,25.2,26,-,-,25.4,23.15,,一般,,
2019/08/06,HY1,201909  ,-,-,-,-,-,-,0.0,24.35,11,22.9,-,25.05,23.2,,一般,,
2019/08/06,HY1,201912  ,-,-,-,-,-,-,0.0,24.75,20,-,-,25.3,25.3,,一般,,
2019/08/06,HY1,202003  ,-,-,-,-,-,-,0.0,24.8,26,-,-,25.4,23.15,,一般,,
2019/08/07,HY1,201909  ,-,-,-,-,-,-,0.0,24.35,11,-,-,25.05,23.2,,一般,,
2019/08/07,HY1,201912  ,-,-,-,-,-,-,0.0,24.65,20,-,-,25.3,25.3,,一般,,
2019/08/07,HY1,202003  ,-,-,-,-,-,-,0.0,24.7,26,-,-,25.4,23.15,,一般,,
2019/08/08,HY1,201909  ,-,-,-,-,-,-,0.0,24.5,11,-,-,25.05,23.2,,一般,,
2019/08/08,HY1,201912  ,-,-,-,-,-,-,0.0,24.8,20,-,-,25.3,25.3,,一般,,
2019/08/08,HY1,202003  ,-,-,-,-,-,-,0.0,24.85,26,-,-,25.4,23.15,,一般,,
2019/08/12,HY1,201909  ,-,-,-,-,-,-,0.0,24.95,11,-,-,25.05,23.2,,一般,,
2019/08/12,HY1,201912  ,-,-,-,-,-,-,0.0,25.25,20,-,-,25.3,25.3,,一般,,
2019/08/12,HY1,202003  ,-,-,-,-,-,-,0.0,25.3,26,-,-,25.4,23.15,,一般,,
2019/08/13,HY1,201909  ,-,-,-,-,-,-,0.0,24.5,11,-,-,25.05,23.2,,一般,,
2019/08/13,HY1,201912  ,-,-,-,-,-,-,0.0,24.8,20,-,-,25.3,25.3,,一般,,
2019/08/13,HY1,202003  ,-,-,-,-,-,-,0.0,24.85,26,-,-,25.4,23.15,,一般,,
2019/08/14,HY1,201909  ,-,-,-,-,-,-,0.0,24.55,11,-,-,25.05,23.2,,一般,,
2019/08/14,HY1,201912  ,-,-,-,-,-,-,0.0,24.9,20,-,-,25.3,25.3,,一般,,
2019/08/14,HY1,202003  ,-,-,-,-,-,-,0.0,24.95,26,-,-,25.4,23.15,,一般,,
2019/08/15,HY1,201909  ,-,-,-,-,-,-,0.0,24.3,11,23.1,-,25.05,23.2,,一般,,
2019/08/15,HY1,201912  ,-,-,-,-,-,-,0.0,24.7,20,-,-,25.3,25.3,,一般,,
2019/08/15,HY1,202003  ,-,-,-,-,-,-,0.0,24.75,26,-,-,25.4,23.15,,一般,,
2019/08/16,HY1,201909  ,-,-,-,-,-,-,0.0,24.6,11,-,-,25.05,23.2,,一般,,
2019/08/16,HY1,201912  ,-,-,-,-,-,-,0.0,25,20,-,-,25.3,25.3,,一般,,
2019/08/16,HY1,202003  ,-,-,-,-,-,-,0.0,25.05,26,-,-,25.4,23.15,,一般,,
2019/08/19,HY1,201909  ,-,-,-,-,-,-,0.0,24.75,11,-,-,25.05,23.2,,一般,,
2019/08/19,HY1,201912  ,-,-,-,-,-,-,0.0,25.15,20,-,-,25.3,25.3,,一般,,
2019/08/19,HY1,202003  ,-,-,-,-,-,-,0.0,25.2,26,-,-,25.4,23.15,,一般,,
2019/08/20,HY1,201909  ,-,-,-,-,-,-,0.0,24.75,11,-,-,25.05,23.2,,一般,,
2019/08/20,HY1,201912  ,-,-,-,-,-,-,0.0,25.1,20,-,-,25.3,25.3,,一般,,
2019/08/20,HY1,202003  ,-,-,-,-,-,-,0.0,25.15,26,-,-,25.4,23.15,,一般,,
2019/08/21,HY1,201909  ,-,-,-,-,-,-,0.0,24.8,11,-,-,25.05,23.2,,一般,,
2019/08/21,HY1,201912  ,-,-,-,-,-,-,0.0,25.05,20,-,-,25.3,25.3,,一般,,
2019/08/21,HY1,202003  ,-,-,-,-,-,-,0.0,25.1,26,-,-,25.4,23.15,,一般,,
2019/08/22,HY1,201909  ,-,-,-,-,-,-,0.0,24.75,11,-,-,25.05,23.2,,一般,,
2019/08/22,HY1,201912  ,-,-,-,-,-,-,0.0,25,20,-,-,25.3,25.3,,一般,,
2019/08/22,HY1,202003  ,-,-,-,-,-,-,0.0,25.05,26,-,-,25.4,23.15,,一般,,
2019/08/23,HY1,201909  ,-,-,-,-,-,-,0.0,24.9,11,-,-,25.05,23.2,,一般,,
2019/08/23,HY1,201912  ,-,-,-,-,-,-,0.0,25.15,20,-,-,25.3,25.3,,一般,,
2019/08/23,HY1,202003  ,-,-,-,-,-,-,0.0,25.2,26,-,-,25.4,23.15,,一般,,
2019/08/26,HY1,201909  ,-,-,-,-,-,-,0.0,24.55,11,-,-,25.05,23.2,,一般,,
2019/08/26,HY1,201912  ,-,-,-,-,-,-,0.0,24.8,20,-,-,25.3,25.3,,一般,,
2019/08/26,HY1,202003  ,-,-,-,-,-,-,0.0,24.85,26,-,-,25.4,23.15,,一般,,
2019/08/27,HY1,201909  ,-,-,-,-,-,-,0.0,24.55,11,-,-,25.05,23.2,,一般,,
2019/08/27,HY1,201912  ,-,-,-,-,-,-,0.0,24.8,20,-,-,25.3,25.3,,一般,,
2019/08/27,HY1,202003  ,-,-,-,-,-,-,0.0,24.85,26,-,-,25.4,23.15,,一般,,
2019/08/28,HY1,201909  ,-,-,-,-,-,-,0.0,24.65,11,-,-,25.05,23.2,,一般,,
2019/08/28,HY1,201912  ,-,-,-,-,-,-,0.0,24.9,20,-,-,25.3,25.3,,一般,,
2019/08/28,HY1,202003  ,-,-,-,-,-,-,0.0,24.95,26,-,-,25.4,23.15,,一般,,
2019/08/29,HY1,201909  ,-,-,-,-,-,-,0.0,24.65,11,-,-,25.05,23.2,,一般,,
2019/08/29,HY1,201912  ,-,-,-,-,-,-,0.0,24.9,20,-,-,25.3,25.3,,一般,,
2019/08/29,HY1,202003  ,-,-,-,-,-,-,0.0,24.95,26,-,-,25.4,23.15,,一般,,
2019/08/30,HY1,201909  ,-,-,-,-,-,-,0.0,24.8,11,-,-,25.05,23.2,,一般,,
2019/08/30,HY1,201912  ,-,-,-,-,-,-,0.0,25.05,20,-,-,25.3,25.3,,一般,,
2019/08/30,HY1,202003  ,-,-,-,-,-,-,0.0,25.1,26,-,-,25.4,23.15,,一般,,
2019/09/02,HY1,201909  ,-,-,-,-,-,-,0.0,24.75,11,-,-,25.05,23.2,,一般,,
2019/09/02,HY1,201912  ,-,-,-,-,-,-,0.0,25,20,-,-,25.3,25.3,,一般,,
2019/09/02,HY1,202003  ,-,-,-,-,-,-,0.0,25.05,26,-,-,25.4,23.15,,一般,,
2019/09/03,HY1,201909  ,-,-,-,-,-,-,0.0,24.65,11,-,-,25.05,23.2,,一般,,
2019/09/03,HY1,201912  ,-,-,-,-,-,-,0.0,24.9,20,-,-,25.3,25.3,,一般,,
2019/09/03,HY1,202003  ,-,-,-,-,-,-,0.0,24.95,26,-,-,25.4,23.15,,一般,,
2019/09/04,HY1,201909  ,-,-,-,-,-,-,0.0,24.8,11,-,-,25.05,23.2,,一般,,
2019/09/04,HY1,201912  ,-,-,-,-,-,-,0.0,25.05,20,-,-,25.3,25.3,,一般,,
2019/09/04,HY1,202003  ,-,-,-,-,-,-,0.0,25.1,26,-,-,25.4,23.15,,一般,,
2019/09/05,HY1,201909  ,-,-,-,-,-,-,0.0,25,11,-,-,25.05,23.2,,一般,,
2019/09/05,HY1,201912  ,-,-,-,-,-,-,0.0,25.25,20,-,-,25.3,25.3,,一般,,
2019/09/05,HY1,202003  ,-,-,-,-,-,-,0.0,25.3,26,-,-,25.4,23.15,,一般,,
2019/09/06,HY1,201909  ,-,-,-,-,-,-,0.0,25.15,11,-,-,25.05,23.2,,一般,,
2019/09/06,HY1,201912  ,-,-,-,-,-,-,0.0,25.4,20,-,-,25.3,25.3,,一般,,
2019/09/06,HY1,202003  ,-,-,-,-,-,-,0.0,25.45,26,-,-,25.4,23.15,,一般,,
2019/09/09,HY1,201909  ,-,-,-,-,-,-,0.0,25.4,11,-,-,25.05,23.2,,一般,,
2019/09/09,HY1,201912  ,-,-,-,-,-,-,0.0,25.35,20,-,-,25.3,25.3,,一般,,
2019/09/09,HY1,202003  ,-,-,-,-,-,-,0.0,25.35,26,-,-,25.4,23.15,,一般,,
2019/09/10,HY1,201909  ,-,-,-,-,-,-,0.0,25.3,11,-,-,25.05,23.2,,一般,,
2019/09/10,HY1,201912  ,-,-,-,-,-,-,0.0,25.25,20,-,-,25.3,25.3,,一般,,
2019/09/10,HY1,202003  ,-,-,-,-,-,-,0.0,25.25,26,-,-,25.4,23.15,,一般,,
2019/09/11,HY1,201909  ,-,-,-,-,-,-,0.0,25.6,11,-,-,25.05,23.2,,一般,,
2019/09/11,HY1,201912  ,-,-,-,-,-,-,0.0,25.55,20,-,-,25.3,25.3,,一般,,
2019/09/11,HY1,202003  ,-,-,-,-,-,-,0.0,25.55,26,-,-,25.4,23.15,,一般,,
2019/09/12,HY1,201909  ,-,-,-,-,-,-,0.0,25.85,11,-,-,25.05,23.2,,一般,,
2019/09/12,HY1,201912  ,25.7,25.7,25.7,25.7,0.15,0.59%,20.0,25.8,0,24.85,26.6,25.7,25.3,,一般,,
2019/09/12,HY1,202003  ,-,-,-,-,-,-,0.0,25.8,26,-,-,25.4,23.15,,一般,,
2019/09/16,HY1,201909  ,-,-,-,-,-,-,0.0,25.6,11,-,-,25.05,23.2,,一般,,
2019/09/16,HY1,202003  ,-,-,-,-,-,-,0.0,25.55,26,-,-,25.4,23.15,,一般,,
2019/09/17,HY1,201909  ,-,-,-,-,-,-,0.0,25.5,11,-,-,25.05,23.2,,一般,,
2019/09/17,HY1,202003  ,-,-,-,-,-,-,0.0,25.45,26,-,-,25.4,23.15,,一般,,
2019/09/18,HY1,201909  ,-,-,-,-,-,-,0.0,0,11,22.95,28,25.05,23.2,,一般,,
2019/09/18,HY1,202003  ,-,-,-,-,-,-,0.0,25.55,26,-,-,25.4,23.15,,一般,,
2019/09/19,HY1,202003  ,-,-,-,-,-,-,0.0,25.35,26,-,-,25.4,23.15,,一般,,
2019/09/20,HY1,202003  ,-,-,-,-,-,-,0.0,25.35,26,-,-,25.4,23.15,,一般,,
2019/09/23,HY1,202003  ,-,-,-,-,-,-,0.0,25.35,26,-,-,25.4,23.15,,一般,,
2019/09/24,HY1,202003  ,-,-,-,-,-,-,0.0,25.35,26,-,-,25.4,23.15,,一般,,
2019/09/25,HY1,202003  ,-,-,-,-,-,-,0.0,25.2,26,-,-,25.4,23.15,,一般,,
2019/09/26,HY1,202003  ,-,-,-,-,-,-,0.0,25.1,26,-,-,25.4,23.15,,一般,,
2019/09/27,HY1,202003  ,-,-,-,-,-,-,0.0,24.9,26,-,-,25.4,23.15,,一般,,
2019/10/01,HY1,202003  ,-,-,-,-,-,-,0.0,24.8,26,-,-,25.4,23.15,,一般,,
2019/10/02,HY1,202003  ,-,-,-,-,-,-,0.0,24.85,26,-,-,25.4,23.15,,一般,,
2019/10/03,HY1,202003  ,-,-,-,-,-,-,0.0,24.6,26,-,-,25.4,23.15,,一般,,
2019/10/04,HY1,202003  ,-,-,-,-,-,-,0.0,24.5,26,-,-,25.4,23.15,,一般,,
2019/10/07,HY1,202003  ,-,-,-,-,-,-,0.0,24.6,26,-,-,25.4,23.15,,一般,,
2019/10/08,HY1,202003  ,-,-,-,-,-,-,0.0,24.6,26,-,-,25.4,23.15,,一般,,
2019/10/09,HY1,202003  ,-,-,-,-,-,-,0.0,24.4,26,-,-,25.4,23.15,,一般,,
2019/10/14,HY1,202003  ,-,-,-,-,-,-,0.0,24.75,26,-,-,25.4,23.15,,一般,,
2019/10/15,HY1,202003  ,-,-,-,-,-,-,0.0,24.8,26,-,-,25.4,23.15,,一般,,
2019/10/16,HY1,202003  ,-,-,-,-,-,-,0.0,25.1,26,-,25.4,25.4,23.15,,一般,,
2019/10/17,HY1,202003  ,-,-,-,-,-,-,0.0,25.3,26,-,-,25.4,23.15,,一般,,
2019/10/18,HY1,202003  ,-,-,-,-,-,-,0.0,25.1,26,-,-,25.4,23.15,,一般,,
2019/10/21,HY1,202003  ,-,-,-,-,-,-,0.0,25.2,26,-,-,25.4,23.15,,一般,,
2019/10/22,HY1,202003  ,-,-,-,-,-,-,0.0,25.8,26,-,-,25.4,23.15,,一般,,
2019/10/23,HY1,202003  ,-,-,-,-,-,-,0.0,25.4,26,-,-,25.4,23.15,,一般,,
2019/10/24,HY1,202003  ,-,-,-,-,-,-,0.0,25.55,26,-,-,25.4,23.15,,一般,,
2019/10/25,HY1,202003  ,-,-,-,-,-,-,0.0,25.5,26,-,-,25.4,23.15,,一般,,
2019/10/28,HY1,202003  ,-,-,-,-,-,-,0.0,25.6,26,-,-,25.4,23.15,,一般,,
2019/10/29,HY1,202003  ,-,-,-,-,-,-,0.0,25.2,26,-,-,25.4,23.15,,一般,,
2019/10/30,HY1,202003  ,-,-,-,-,-,-,0.0,25.2,26,-,-,25.4,23.15,,一般,,
2019/10/31,HY1,202003  ,-,-,-,-,-,-,0.0,25.2,26,-,-,25.4,23.15,,一般,,
2019/11/01,HY1,202003  ,-,-,-,-,-,-,0.0,25.2,26,-,-,25.4,23.15,,一般,,
2019/11/04,HY1,202003  ,-,-,-,-,-,-,0.0,25.35,26,-,-,25.4,23.15,,一般,,
2019/11/05,HY1,202003  ,-,-,-,-,-,-,0.0,25.45,26,-,-,25.4,23.15,,一般,,
2019/11/06,HY1,202003  ,-,-,-,-,-,-,0.0,25.85,26,-,-,25.4,23.15,,一般,,
2019/11/07,HY1,202003  ,-,-,-,-,-,-,0.0,26.25,26,-,-,25.4,23.15,,一般,,
2019/11/08,HY1,202003  ,-,-,-,-,-,-,0.0,26.25,26,-,-,25.4,23.15,,一般,,
2019/11/11,HY1,202003  ,-,-,-,-,-,-,0.0,25.7,26,-,-,25.4,23.15,,一般,,
2019/11/12,HY1,202003  ,-,-,-,-,-,-,0.0,25.75,26,-,-,25.4,23.15,,一般,,
2019/11/13,HY1,202003  ,-,-,-,-,-,-,0.0,25.6,26,-,-,25.4,23.15,,一般,,
2019/11/14,HY1,202003  ,-,-,-,-,-,-,0.0,25.9,26,-,-,25.4,23.15,,一般,,
2019/11/15,HY1,202003  ,-,-,-,-,-,-,0.0,25.85,26,-,-,25.4,23.15,,一般,,
2019/11/18,HY1,202003  ,-,-,-,-,-,-,0.0,25.95,26,-,-,25.4,23.15,,一般,,
2019/11/19,HY1,202003  ,-,-,-,-,-,-,0.0,25.8,26,-,-,25.4,23.15,,一般,,
2019/11/20,HY1,202003  ,-,-,-,-,-,-,0.0,26,26,-,-,25.4,23.15,,一般,,
2019/11/21,HY1,202003  ,-,-,-,-,-,-,0.0,25.75,26,-,-,25.4,23.15,,一般,,
2019/11/22,HY1,202003  ,-,-,-,-,-,-,0.0,25.75,26,-,-,25.4,23.15,,一般,,
2019/11/25,HY1,202003  ,-,-,-,-,-,-,0.0,25.95,26,-,-,25.4,23.15,,一般,,
2019/11/26,HY1,202003  ,-,-,-,-,-,-,0.0,25.85,26,-,-,25.4,23.15,,一般,,
2019/11/27,HY1,202003  ,-,-,-,-,-,-,0.0,26.1,26,-,-,25.4,23.15,,一般,,
2019/11/28,HY1,202003  ,-,-,-,-,-,-,0.0,26.25,26,-,-,25.4,23.15,,一般,,
2019/11/29,HY1,202003  ,-,-,-,-,-,-,0.0,25.75,26,-,-,25.4,23.15,,一般,,
2019/12/02,HY1,202003  ,-,-,-,-,-,-,0.0,25.8,26,-,-,25.4,23.15,,一般,,
2019/12/03,HY1,202003  ,-,-,-,-,-,-,0.0,25.95,26,-,-,25.4,23.15,,一般,,
2019/12/04,HY1,202003  ,-,-,-,-,-,-,0.0,25.9,26,-,-,25.4,23.15,,一般,,
2019/12/05,HY1,202003  ,-,-,-,-,-,-,0.0,25.85,26,-,-,25.4,23.15,,一般,,
2019/12/06,HY1,202003  ,-,-,-,-,-,-,0.0,25.7,26,-,-,25.4,23.15,,一般,,
2019/12/09,HY1,202003  ,-,-,-,-,-,-,0.0,25.75,26,-,-,25.4,23.15,,一般,,
2019/12/10,HY1,202003  ,-,-,-,-,-,-,0.0,25.65,26,-,-,25.4,23.15,,一般,,
2019/12/11,HY1,202003  ,-,-,-,-,-,-,0.0,25.9,26,-,-,25.4,23.15,,一般,,
2019/12/12,HY1,202003  ,-,-,-,-,-,-,0.0,25.75,26,-,-,25.4,23.15,,一般,,
2019/12/13,HY1,202003  ,-,-,-,-,-,-,0.0,26.15,26,-,-,25.4,23.15,,一般,,
2019/12/16,HY1,202003  ,-,-,-,-,-,-,0.0,26.25,26,-,-,25.4,23.15,,一般,,
2019/12/17,HY1,202003  ,-,-,-,-,-,-,0.0,26.15,26,-,-,25.4,23.15,,一般,,
2019/12/18,HY1,202003  ,-,-,-,-,-,-,0.0,26.3,26,-,-,25.4,23.15,,一般,,
2019/12/19,HY1,202003  ,-,-,-,-,-,-,0.0,26.3,26,-,-,25.4,23.15,,一般,,
2019/12/20,HY1,202003  ,-,-,-,-,-,-,0.0,26.25,26,-,-,25.4,23.15,,一般,,
2019/12/23,HY1,202003  ,-,-,-,-,-,-,0.0,26.3,26,-,-,25.4,23.15,,一般,,
2019/12/24,HY1,202003  ,-,-,-,-,-,-,0.0,26.15,26,-,-,25.4,23.15,,一般,,
2019/12/25,HY1,202003  ,-,-,-,-,-,-,0.0,26.05,26,-,-,25.4,23.15,,一般,,
2019/12/26,HY1,202003  ,-,-,-,-,-,-,0.0,26.1,26,-,-,25.4,23.15,,一般,,
2019/12/27,HY1,202003  ,-,-,-,-,-,-,0.0,26.2,26,-,-,25.4,23.15,,一般,,
2019/12/30,HY1,202003  ,-,-,-,-,-,-,0.0,26.05,26,-,-,25.4,23.15,,一般,,
2019/12/31,HY1,202003  ,-,-,-,-,-,-,0.0,26.05,26,-,-,25.4,23.15,,一般,,
交易日期,契約,到期月份(週別),開盤價,最高價,最低價,收盤價,漲跌價,漲跌%,成交量,結算價,未沖銷契約數,最後最佳買價,最後最佳賣價,歷史最高價,歷史最低價,是否因訊息面暫停交易,交易時段,價差對單式委託成交量,Unnamed: 19
2020/01/02,HY1,202003  ,-,-,-,-,-,-,0.0,26.1,26,-,-,25.4,23.15,,一般,,
2020/01/03,HY1,202003  ,-,-,-,-,-,-,0.0,26.1,26,-,-,25.4,23.15,,一般,,
2020/01/06,HY1,202003  ,-,-,-,-,-,-,0.0,25.9,26,-,-,25.4,23.15,,一般,,
2020/01/07,HY1,202003  ,-,-,-,-,-,-,0.0,25.85,26,-,-,25.4,23.15,,一般,,
2020/01/08,HY1,202003  ,-,-,-,-,-,-,0.0,25.75,26,-,-,25.4,23.15,,一般,,
2020/01/09,HY1,202003  ,-,-,-,-,-,-,0.0,25.9,26,-,-,25.4,23.15,,一般,,
2020/01/10,HY1,202003  ,-,-,-,-,-,-,0.0,26.2,26,-,-,25.4,23.15,,一般,,
2020/01/13,HY1,202003  ,-,-,-,-,-,-,0.0,26.55,26,-,-,25.4,23.15,,一般,,
2020/01/14,HY1,202003  ,-,-,-,-,-,-,0.0,26.15,26,-,-,25.4,23.15,,一般,,
2020/01/15,HY1,202003  ,-,-,-,-,-,-,0.0,26.25,26,-,-,25.4,23.15,,一般,,
2020/01/16,HY1,202003  ,-,-,-,-,-,-,0.0,26.15,26,-,-,25.4,23.15,,一般,,
2020/01/17,HY1,202003  ,-,-,-,-,-,-,0.0,26.15,26,-,-,25.4,23.15,,一般,,
2020/01/20,HY1,202003  ,-,-,-,-,-,-,0.0,26.2,26,-,-,25.4,23.15,,一般,,
2020/01/30,HY1,202003  ,-,-,-,-,-,-,0.0,25.15,26,-,-,25.4,23.15,,一般,,
2020/01/31,HY1,202003  ,-,-,-,-,-,-,0.0,25.1,26,-,-,25.4,23.15,,一般,,
2020/02/03,HY1,202003  ,-,-,-,-,-,-,0.0,24.6,26,-,-,25.4,23.15,,一般,,
2020/02/04,HY1,202003  ,-,-,-,-,-,-,0.0,24.55,26,-,-,25.4,23.15,,一般,,
2020/02/05,HY1,202003  ,-,-,-,-,-,-,0.0,24.8,26,-,-,25.4,23.15,,一般,,
2020/02/06,HY1,202003  ,-,-,-,-,-,-,0.0,25.2,26,-,-,25.4,23.15,,一般,,
2020/02/07,HY1,202003  ,-,-,-,-,-,-,0.0,25,26,-,-,25.4,23.15,,一般,,
2020/02/10,HY1,202003  ,-,-,-,-,-,-,0.0,24.8,26,-,-,25.4,23.15,,一般,,
2020/02/11,HY1,202003  ,-,-,-,-,-,-,0.0,25.25,26,-,-,25.4,23.15,,一般,,
2020/02/12,HY1,202003  ,-,-,-,-,-,-,0.0,25.2,26,-,-,25.4,23.15,,一般,,
2020/02/13,HY1,202003  ,-,-,-,-,-,-,0.0,25.2,26,-,-,25.4,23.15,,一般,,
2020/02/14,HY1,202003  ,-,-,-,-,-,-,0.0,25.25,26,-,-,25.4,23.15,,一般,,
2020/02/17,HY1,202003  ,-,-,-,-,-,-,0.0,25.2,26,-,-,25.4,23.15,,一般,,
2020/02/18,HY1,202003  ,-,-,-,-,-,-,0.0,25.2,26,-,-,25.4,23.15,,一般,,
2020/02/19,HY1,202003  ,-,-,-,-,-,-,0.0,25.4,26,-,-,25.4,23.15,,一般,,
2020/02/20,HY1,202003  ,-,-,-,-,-,-,0.0,25.2,26,-,-,25.4,23.15,,一般,,
2020/02/21,HY1,202003  ,-,-,-,-,-,-,0.0,25.25,26,-,-,25.4,23.15,,一般,,
2020/02/24,HY1,202003  ,24.75,24.85,24.75,24.85,-0.4,-1.58%,4.0,24.95,26,-,-,25.4,23.15,,一般,,
2020/02/25,HY1,202003  ,-,-,-,-,-,-,0.0,24.7,26,-,-,25.4,23.15,,一般,,
2020/02/26,HY1,202003  ,-,-,-,-,-,-,0.0,24.6,26,-,-,25.4,23.15,,一般,,
2020/02/27,HY1,202003  ,-,-,-,-,-,-,0.0,24.35,26,-,-,25.4,23.15,,一般,,
2020/03/02,HY1,202003  ,-,-,-,-,-,-,0.0,24.25,26,-,-,25.4,23.15,,一般,,
2020/03/03,HY1,202003  ,-,-,-,-,-,-,0.0,24.15,26,-,-,25.4,23.15,,一般,,
2020/03/04,HY1,202003  ,-,-,-,-,-,-,0.0,24.25,26,-,-,25.4,23.15,,一般,,
2020/03/05,HY1,202003  ,-,-,-,-,-,-,0.0,24.3,26,-,-,25.4,23.15,,一般,,
2020/03/06,HY1,202003  ,-,-,-,-,-,-,0.0,23.85,26,-,-,25.4,23.15,,一般,,
2020/03/09,HY1,202003  ,-,-,-,-,-,-,0.0,23.05,26,-,-,25.4,23.15,,一般,,
2020/03/10,HY1,202003  ,-,-,-,-,-,-,0.0,22.7,26,-,-,25.4,23.15,,一般,,
2020/03/11,HY1,202003  ,-,-,-,-,-,-,0.0,22.35,26,-,-,25.4,23.15,,一般,,
2020/03/12,HY1,202003  ,-,-,-,-,-,-,0.0,20.4,26,-,-,25.4,23.15,,一般,,
2020/03/13,HY1,202003  ,-,-,-,-,-,-,0.0,19.2,26,-,-,25.4,23.15,,一般,,
2020/03/16,HY1,202003  ,18.2,18.2,18.15,18.15,-1.05,-5.47%,3.0,17.5,27,-,-,25.4,18.15,,一般,,
2020/03/17,HY1,202003  ,-,-,-,-,-,-,0.0,16.3,27,15.75,-,25.4,18.15,,一般,,
2020/03/18,HY1,202003  ,-,-,-,-,-,-,0.0,0,27,15.85,16.95,25.4,18.15,,一般,,
2020/10/30,HY1,202011  ,19.05,19.2,19.05,19.2,0.1,0.52%,9.0,19.2,168,18.9,19.2,20.55,19.05,,一般,,
2020/10/30,HY1,202012  ,18.8,18.8,18.8,18.8,-0.3,-1.57%,5.0,19.15,35,18.05,19.2,24.6,14.65,,一般,,
2020/10/30,HY1,202103  ,-,-,-,-,-,-,0.0,19.1,7,-,-,22.9,19.7,,一般,,
2020/10/30,HY1,202106  ,-,-,-,-,-,-,0.0,19.15,2,-,-,20.5,20.5,,一般,,
2020/11/02,HY1,202011  ,-,-,-,-,-,-,0.0,19.35,168,19,19.25,20.55,19.05,,一般,,
2020/11/02,HY1,202012  ,-,-,-,-,-,-,0.0,19.3,35,18.8,19.25,24.6,14.65,,一般,,
2020/11/02,HY1,202103  ,-,-,-,-,-,-,0.0,19.25,7,-,-,22.9,19.7,,一般,,
2020/11/02,HY1,202106  ,-,-,-,-,-,-,0.0,19.3,2,-,-,20.5,20.5,,一般,,
2020/11/03,HY1,202011  ,19.25,19.35,19.25,19.35,0,0.00%,6.0,19.35,163,19.2,19.4,20.55,19.05,,一般,,
2020/11/03,HY1,202012  ,19.3,19.3,19.3,19.3,0,0.00%,1.0,19.3,35,-,19.4,24.6,14.65,,一般,,
2020/11/03,HY1,202103  ,-,-,-,-,-,-,0.0,19.25,7,-,-,22.9,19.7,,一般,,
2020/11/03,HY1,202106  ,-,-,-,-,-,-,0.0,19.3,2,-,-,20.5,20.5,,一般,,
2020/11/04,HY1,202011  ,-,-,-,-,-,-,0.0,19.45,163,18.2,19.45,20.55,19.05,,一般,,
2020/11/04,HY1,202012  ,-,-,-,-,-,-,0.0,19.4,35,18.2,19.45,24.6,14.65,,一般,,
2020/11/04,HY1,202103  ,-,-,-,-,-,-,0.0,19.35,7,-,-,22.9,19.7,,一般,,
2020/11/04,HY1,202106  ,-,-,-,-,-,-,0.0,19.4,2,-,-,20.5,20.5,,一般,,
2020/11/05,HY1,202011  ,-,-,-,-,-,-,0.0,19.45,163,18.2,21.25,20.55,19.05,,一般,,
2020/11/05,HY1,202012  ,-,-,-,-,-,-,0.0,19.4,35,18.1,21.25,24.6,14.65,,一般,,
2020/11/05,HY1,202103  ,-,-,-,-,-,-,0.0,19.35,7,-,-,22.9,19.7,,一般,,
2020/11/05,HY1,202106  ,-,-,-,-,-,-,0.0,19.4,2,-,-,20.5,20.5,,一般,,
2020/11/06,HY1,202011  ,-,-,-,-,-,-,0.0,19.35,163,17.55,19.4,20.55,19.05,,一般,,
2020/11/06,HY1,202012  ,-,-,-,-,-,-,0.0,19.3,35,19.05,21.3,24.6,14.65,,一般,,
2020/11/06,HY1,202103  ,-,-,-,-,-,-,0.0,19.25,7,-,-,22.9,19.7,,一般,,
2020/11/06,HY1,202106  ,-,-,-,-,-,-,0.0,19.3,2,-,-,20.5,20.5,,一般,,
2020/11/09,HY1,202011  ,19.45,19.45,19.4,19.4,0.05,0.26%,15.0,19.4,150,17.5,21.25,20.55,19.05,,一般,,
2020/11/09,HY1,202012  ,19.4,19.45,19.4,19.45,0.15,0.78%,4.0,19.5,35,17.45,21.2,24.6,14.65,,一般,,
2020/11/09,HY1,202103  ,-,-,-,-,-,-,0.0,19.3,7,-,-,22.9,19.7,,一般,,
2020/11/09,HY1,202106  ,-,-,-,-,-,-,0.0,19.35,2,-,-,20.5,20.5,,一般,,
2020/11/10,HY1,202011  ,19.95,19.95,19.9,19.9,0.5,2.58%,3.0,19.9,152,17.8,20.5,20.55,19.05,,一般,,
2020/11/10,HY1,202012  ,19.9,19.9,19.9,19.9,0.4,2.05%,1.0,19.85,35,17.75,-,24.6,14.65,,一般,,
2020/11/10,HY1,202103  ,-,-,-,-,-,-,0.0,19.8,7,19.7,-,22.9,19.7,,一般,,
2020/11/10,HY1,202106  ,-,-,-,-,-,-,0.0,19.85,2,-,-,20.5,20.5,,一般,,
2020/11/11,HY1,202011  ,19.9,-,-,19.9,0,0.00%,2.0,20.45,150,19.9,20.4,20.55,19.05,,一般,,
2020/11/11,HY1,202012  ,19.85,-,-,19.85,0,0.00%,2.0,20.4,37,19.85,20.4,24.6,14.65,,一般,,
2020/11/11,HY1,202103  ,20.35,20.35,20.35,20.35,0.55,2.78%,2.0,20.35,5,19.65,-,22.9,19.7,,一般,,
2020/11/11,HY1,202106  ,20.25,20.25,20.25,20.25,0.4,2.02%,1.0,20.4,1,-,-,20.5,20.25,,一般,,
2020/11/12,HY1,202011  ,-,-,-,-,-,-,0.0,20.25,150,20,20.45,20.55,19.05,,一般,,
2020/11/12,HY1,202012  ,-,-,-,-,-,-,0.0,20.3,37,19,22.35,24.6,14.65,,一般,,
2020/11/12,HY1,202103  ,-,-,-,-,-,-,0.0,20.15,5,20.15,-,22.9,19.7,,一般,,
2020/11/12,HY1,202106  ,-,-,-,-,-,-,0.0,20.2,1,-,-,20.5,20.25,,一般,,
2020/11/13,HY1,202011  ,20.15,20.15,20.15,20.15,-0.1,-0.49%,11.0,20.25,139,-,-,20.55,19.05,,一般,,
2020/11/13,HY1,202012  ,20.35,20.4,20.35,20.4,0.1,0.49%,9.0,20.4,46,20.2,-,24.6,14.65,,一般,,
2020/11/13,HY1,202103  ,-,-,-,-,-,-,0.0,20.15,5,20.25,-,22.9,19.7,,一般,,
2020/11/13,HY1,202106  ,20.25,20.25,20.25,20.25,0.05,0.25%,1.0,20.25,0,-,-,20.5,20.25,,一般,,
2020/11/16,HY1,202011  ,20.25,-,-,20.25,0,0.00%,27.0,20.45,139,20.05,20.55,20.55,19.05,,一般,,
2020/11/16,HY1,202012  ,20.4,-,-,20.4,0,0.00%,27.0,20.35,46,20.05,20.55,24.6,14.65,,一般,,
2020/11/16,HY1,202103  ,-,-,-,-,-,-,0.0,20.35,5,-,-,22.9,19.7,,一般,,
2020/11/17,HY1,202011  ,20.35,20.35,20.35,20.35,-0.1,-0.49%,3.0,20.35,136,19.1,20.7,20.55,19.05,,一般,,
2020/11/17,HY1,202012  ,20.45,20.45,20.45,20.45,0.1,0.49%,1.0,20.25,47,18.35,-,24.6,14.65,,一般,,
2020/11/17,HY1,202103  ,-,-,-,-,-,-,0.0,20.25,5,20.25,-,22.9,19.7,,一般,,
2020/11/18,HY1,202011  ,20.55,20.6,20.55,20.6,0.25,1.23%,10.0,0,127,20.5,20.6,20.6,19.05,,一般,,
2020/11/18,HY1,202012  ,20.25,-,-,20.25,0,0.00%,1.0,20.6,48,20.25,22.2,24.6,14.65,,一般,,
2020/11/18,HY1,202103  ,-,-,-,-,-,-,0.0,20.5,5,20.2,-,22.9,19.7,,一般,,
2020/11/19,HY1,202012  ,-,-,-,-,-,-,0.0,20.55,48,18.55,-,24.6,14.65,,一般,,
2020/11/19,HY1,202103  ,-,-,-,-,-,-,0.0,20.45,5,20.2,-,22.9,19.7,,一般,,
2020/11/20,HY1,202012  ,20.25,20.25,20.25,20.25,-0.3,-1.46%,1.0,20.4,49,19.95,21.65,24.6,14.65,,一般,,
2020/11/20,HY1,202103  ,-,-,-,-,-,-,0.0,20.3,5,20.2,-,22.9,19.7,,一般,,
2020/11/23,HY1,202012  ,-,-,-,-,-,-,0.0,20.7,49,20.45,20.85,24.6,14.65,,一般,,
2020/11/23,HY1,202103  ,20.85,20.85,20.85,20.85,0.55,2.71%,3.0,20.65,5,20.3,-,22.9,19.7,,一般,,
2020/11/24,HY1,202012  ,-,-,-,-,-,-,0.0,20.55,49,-,-,24.6,14.65,,一般,,
2020/11/24,HY1,202103  ,-,-,-,-,-,-,0.0,20.5,5,-,-,22.9,19.7,,一般,,
2020/11/25,HY1,202012  ,20.6,20.6,20.45,20.5,-0.05,-0.24%,9.0,20.5,40,-,-,24.6,14.65,,一般,,
2020/11/25,HY1,202103  ,-,-,-,-,-,-,0.0,20.45,5,-,-,22.9,19.7,,一般,,
2020/11/26,HY1,202012  ,-,-,-,-,-,-,0.0,20.5,40,18.45,-,24.6,14.65,,一般,,
2020/11/26,HY1,202103  ,-,-,-,-,-,-,0.0,20.45,5,20.5,-,22.9,19.7,,一般,,
2020/11/27,HY1,202012  ,-,-,-,-,-,-,0.0,20.55,40,18.5,22.55,24.6,14.65,,一般,,
2020/11/27,HY1,202103  ,-,-,-,-,-,-,0.0,20.5,5,-,-,22.9,19.7,,一般,,
2020/11/30,HY1,202012  ,22.6,22.6,22.55,22.55,2,9.73%,21.0,22.5,52,22.4,22.55,24.6,14.65,,一般,,
2020/11/30,HY1,202103  ,-,-,-,-,-,-,0.0,22.45,5,22.25,-,22.9,19.7,,一般,,
2020/11/11,HY1,202011/202012    ,-0.03,-0.03,-0.03,-0.03,-,-,2.0,-,-,-0.04,-0.03,-0.02,-0.03,,一般,0.0,
2020/11/16,HY1,202011/202012    ,-0.04,-0.04,-0.04,-0.04,-,-,27.0,-,-,-,-0.04,-0.02,-0.04,,一般,0.0,
2020/11/18,HY1,202011/202012    ,-0.07,-0.07,-0.07,-0.07,-,-,1.0,-,-,-,-,-0.02,-0.07,,一般,0.0,
2020/12/01,HY1,202012  ,20.3,22.25,20.3,22.25,-0.25,-1.11%,3.0,22.25,52,22.05,22.4,24.6,14.65,,一般,,
2020/12/01,HY1,202103  ,-,-,-,-,-,-,0.0,22.15,5,21.9,22.4,22.9,19.7,,一般,,
2020/12/02,HY1,202012  ,21.95,22,21.95,22,-0.25,-1.12%,12.0,22.15,52,21.9,22.65,24.6,14.65,,一般,,
2020/12/02,HY1,202103  ,-,-,-,-,-,-,0.0,21.9,5,21.75,-,22.9,19.7,,一般,,
2020/12/03,HY1,202012  ,22.05,22.05,22,22,-0.15,-0.68%,16.0,22,66,22,22.25,24.6,14.65,,一般,,
2020/12/03,HY1,202103  ,-,-,-,-,-,-,0.0,21.85,5,21.85,-,22.9,19.7,,一般,,
2020/12/04,HY1,202012  ,-,-,-,-,-,-,0.0,22.25,66,22,22.25,24.6,14.65,,一般,,
2020/12/04,HY1,202103  ,-,-,-,-,-,-,0.0,22.2,5,21.85,-,22.9,19.7,,一般,,
2020/12/07,HY1,202012  ,-,-,-,-,-,-,0.0,22.3,66,22.25,22.4,24.6,14.65,,一般,,
2020/12/07,HY1,202103  ,-,-,-,-,-,-,0.0,22.25,5,22.1,-,22.9,19.7,,一般,,
2020/12/08,HY1,202012  ,-,-,-,-,-,-,0.0,22.2,66,22.1,22.35,24.6,14.65,,一般,,
2020/12/08,HY1,202103  ,-,-,-,-,-,-,0.0,22.15,5,21.95,-,22.9,19.7,,一般,,
2020/12/09,HY1,202012  ,-,-,-,-,-,-,0.0,22.1,66,22,22.15,24.6,14.65,,一般,,
2020/12/09,HY1,202103  ,-,-,-,-,-,-,0.0,22.05,5,21.85,-,22.9,19.7,,一般,,
2020/12/10,HY1,202012  ,22,22,22,22,-0.1,-0.45%,1.0,22,66,22,22.15,24.6,14.65,,一般,,
2020/12/10,HY1,202103  ,-,-,-,-,-,-,0.0,22,5,21.9,-,22.9,19.7,,一般,,
2020/12/11,HY1,202012  ,-,-,-,-,-,-,0.0,22,66,-,22,24.6,14.65,,一般,,
2020/12/11,HY1,202103  ,-,-,-,-,-,-,0.0,21.9,5,-,-,22.9,19.7,,一般,,
2020/12/14,HY1,202012  ,-,-,-,-,-,-,0.0,22.05,66,19.8,22.1,24.6,14.65,,一般,,
2020/12/14,HY1,202103  ,-,-,-,-,-,-,0.0,22,5,-,-,22.9,19.7,,一般,,
2020/12/15,HY1,202012  ,21.95,21.95,21.95,21.95,-0.1,-0.45%,6.0,22.05,65,21.95,22.1,24.6,14.65,,一般,,
2020/12/15,HY1,202103  ,-,-,-,-,-,-,0.0,21.95,5,21.85,-,22.9,19.7,,一般,,
2020/12/16,HY1,202012  ,-,-,-,-,-,-,0.0,0,65,20.7,22.25,24.6,14.65,,一般,,
2020/12/16,HY1,202103  ,-,-,-,-,-,-,0.0,22.1,5,-,-,22.9,19.7,,一般,,
2020/12/17,HY1,202103  ,22.1,22.1,22.1,22.1,0,0.00%,5.0,22.1,5,21.5,22.1,22.9,19.7,,一般,,
2020/12/18,HY1,202103  ,-,-,-,-,-,-,0.0,21.95,5,21.85,22.05,22.9,19.7,,一般,,
2020/12/21,HY1,202103  ,-,-,-,-,-,-,0.0,21.95,5,20.9,22.05,22.9,19.7,,一般,,
2020/12/22,HY1,202103  ,-,-,-,-,-,-,0.0,21.9,5,-,22,22.9,19.7,,一般,,
2020/12/23,HY1,202103  ,-,-,-,-,-,-,0.0,21.85,5,19.75,22.05,22.9,19.7,,一般,,
2020/12/24,HY1,202103  ,-,-,-,-,-,-,0.0,22,5,19.7,22.1,22.9,19.7,,一般,,
2020/12/25,HY1,202103  ,-,-,-,-,-,-,0.0,22,5,19.8,22.4,22.9,19.7,,一般,,
2020/12/28,HY1,202103  ,-,-,-,-,-,-,0.0,21.9,5,19.8,24.2,22.9,19.7,,一般,,
2020/12/29,HY1,202103  ,-,-,-,-,-,-,0.0,22,5,21.7,22.3,22.9,19.7,,一般,,
2020/12/30,HY1,202103  ,-,-,-,-,-,-,0.0,22.2,5,19.9,22.35,22.9,19.7,,一般,,
2020/12/31,HY1,202103  ,-,-,-,-,-,-,0.0,22.15,5,20,24.25,22.9,19.7,,一般,,
交易日期,契約,到期月份(週別),開盤價,最高價,最低價,收盤價,漲跌價,漲跌%,成交量,結算價,未沖銷契約數,最後最佳買價,最後最佳賣價,歷史最高價,歷史最低價,是否因訊息面暫停交易,交易時段,價差對單式委託成交量,Unnamed: 19
2021/01/04,HY1,202103  ,-,-,-,-,-,-,0.0,22.1,5,19.95,24.2,22.9,19.7,,一般,,
2021/01/05,HY1,202103  ,-,-,-,-,-,-,0.0,22.1,5,21.7,-,22.9,19.7,,一般,,
2021/01/06,HY1,202103  ,-,-,-,-,-,-,0.0,22.15,5,19.9,22.6,22.9,19.7,,一般,,
2021/01/07,HY1,202103  ,-,-,-,-,-,-,0.0,22.35,5,22.05,22.65,22.9,19.7,,一般,,
2021/01/08,HY1,202103  ,-,-,-,-,-,-,0.0,22.55,5,20.2,24.05,22.9,19.7,,一般,,
2021/01/11,HY1,202103  ,-,-,-,-,-,-,0.0,22.6,5,20.3,24.8,22.9,19.7,,一般,,
2021/01/12,HY1,202103  ,-,-,-,-,-,-,0.0,22.4,5,20.35,24.85,22.9,19.7,,一般,,
2021/01/13,HY1,202103  ,-,-,-,-,-,-,0.0,22.45,5,20.2,24.6,22.9,19.7,,一般,,
2021/01/14,HY1,202103  ,-,-,-,-,-,-,0.0,22.45,5,20.25,24.65,22.9,19.7,,一般,,
2021/01/15,HY1,202103  ,-,-,-,-,-,-,0.0,22.2,5,20.25,24.65,22.9,19.7,,一般,,
2021/01/18,HY1,202103  ,-,-,-,-,-,-,0.0,22.2,5,20,24.4,22.9,19.7,,一般,,
2021/01/19,HY1,202103  ,-,-,-,-,-,-,0.0,22.25,5,20,24.4,22.9,19.7,,一般,,
2021/01/20,HY1,202103  ,-,-,-,-,-,-,0.0,22,5,20.05,22.7,22.9,19.7,,一般,,
2021/01/21,HY1,202103  ,-,-,-,-,-,-,0.0,22,5,21.85,22.5,22.9,19.7,,一般,,
2021/01/22,HY1,202103  ,-,-,-,-,-,-,0.0,22.2,5,19.8,22.7,22.9,19.7,,一般,,
2021/01/25,HY1,202103  ,-,-,-,-,-,-,0.0,22.35,5,21.2,22.5,22.9,19.7,,一般,,
2021/01/26,HY1,202103  ,-,-,-,-,-,-,0.0,22.3,5,-,22.6,22.9,19.7,,一般,,
2021/01/27,HY1,202103  ,-,-,-,-,-,-,0.0,22.4,5,22.2,22.45,22.9,19.7,,一般,,
2021/01/28,HY1,202103  ,-,-,-,-,-,-,0.0,22.3,5,22,22.4,22.9,19.7,,一般,,
2021/01/29,HY1,202103  ,-,-,-,-,-,-,0.0,21.9,5,21.15,22.1,22.9,19.7,,一般,,
2021/02/01,HY1,202103  ,-,-,-,-,-,-,0.0,21.9,5,19.95,22.5,22.9,19.7,,一般,,
2021/02/02,HY1,202103  ,-,-,-,-,-,-,0.0,23,5,-,-,22.9,19.7,,一般,,
2021/02/03,HY1,202103  ,-,-,-,-,-,-,0.0,22.95,5,20.7,25.3,22.9,19.7,,一般,,
2021/02/04,HY1,202103  ,-,-,-,-,-,-,0.0,22.3,5,21.65,22.9,22.9,19.7,,一般,,
2021/02/05,HY1,202103  ,-,-,-,-,-,-,0.0,23,5,21.9,23.55,22.9,19.7,,一般,,
2021/02/17,HY1,202103  ,23.2,23.2,23.2,23.2,0.2,0.87%,1.0,23.2,5,23.1,23.35,23.2,19.7,,一般,,
2021/02/18,HY1,202103  ,-,-,-,-,-,-,0.0,23.15,5,22.65,23.3,23.2,19.7,,一般,,
2021/02/19,HY1,202103  ,-,-,-,-,-,-,0.0,22.8,5,-,-,23.2,19.7,,一般,,
2021/02/22,HY1,202103  ,-,-,-,-,-,-,0.0,22.8,5,-,23.1,23.2,19.7,,一般,,
2021/02/23,HY1,202103  ,-,-,-,-,-,-,0.0,22.95,5,-,-,23.2,19.7,,一般,,
2021/02/24,HY1,202103  ,-,-,-,-,-,-,0.0,22.8,5,22.4,23.5,23.2,19.7,,一般,,
2021/02/25,HY1,202103  ,-,-,-,-,-,-,0.0,23.1,5,-,-,23.2,19.7,,一般,,
2021/02/26,HY1,202103  ,-,-,-,-,-,-,0.0,22.85,5,20.95,-,23.2,19.7,,一般,,
2021/03/02,HY1,202103  ,-,-,-,-,-,-,0.0,22.8,5,-,-,23.2,19.7,,一般,,
2021/03/03,HY1,202103  ,-,-,-,-,-,-,0.0,23.15,5,-,23.15,23.2,19.7,,一般,,
2021/03/04,HY1,202103  ,-,-,-,-,-,-,0.0,22.85,5,-,-,23.2,19.7,,一般,,
2021/03/05,HY1,202103  ,-,-,-,-,-,-,0.0,23,5,-,-,23.2,19.7,,一般,,
2021/03/08,HY1,202103  ,-,-,-,-,-,-,0.0,23,5,22.95,-,23.2,19.7,,一般,,
2021/03/09,HY1,202103  ,-,-,-,-,-,-,0.0,23.6,5,22.85,-,23.2,19.7,,一般,,
2021/03/10,HY1,202103  ,-,-,-,-,-,-,0.0,23.85,5,-,-,23.2,19.7,,一般,,
2021/03/11,HY1,202103  ,-,-,-,-,-,-,0.0,24.2,5,22.55,-,23.2,19.7,,一般,,
2021/03/12,HY1,202103  ,-,-,-,-,-,-,0.0,24.05,5,22.45,-,23.2,19.7,,一般,,
2021/03/15,HY1,202103  ,-,-,-,-,-,-,0.0,24.4,5,-,-,23.2,19.7,,一般,,
2021/03/16,HY1,202103  ,-,-,-,-,-,-,0.0,24.65,5,24,-,23.2,19.7,,一般,,
2021/03/17,HY1,202103  ,-,-,-,-,-,-,0.0,0,5,23.25,26.05,23.2,19.7,,一般,,
2021/10/25,HY1,202111  ,29.05,29.1,28.95,29.05,0.1,0.35%,583.0,29,749,29,29.05,30.2,28.95,,一般,,
2021/10/25,HY1,202112  ,29.1,29.1,29.1,29.1,0.05,0.17%,49.0,29.1,570,29,29.1,30.4,26.75,,一般,,
2021/10/25,HY1,202203  ,-,-,-,-,-,-,0.0,28.95,13,28.5,29.1,30.65,28.3,,一般,,
2021/10/26,HY1,202111  ,29.05,29.15,29.05,29.1,0.1,0.34%,215.0,29.1,677,29.05,29.1,30.2,28.95,,一般,,
2021/10/26,HY1,202112  ,29.1,29.1,29.1,29.1,0,0.00%,154.0,29.1,723,29.05,29.1,30.4,26.75,,一般,,
2021/10/26,HY1,202203  ,29.1,29.1,29.1,29.1,0.15,0.52%,1.0,29.1,14,29.05,29.15,30.65,28.3,,一般,,
2021/10/27,HY1,202111  ,29.15,29.5,29.1,29.5,0.4,1.37%,109.0,29.3,603,29.2,29.3,30.2,28.95,,一般,,
2021/10/27,HY1,202112  ,29.15,29.35,29.1,29.35,0.25,0.86%,21.0,29.25,735,29.15,29.3,30.4,26.75,,一般,,
2021/10/27,HY1,202203  ,29.25,29.25,29.2,29.2,0.1,0.34%,8.0,29.3,22,29.2,29.4,30.65,28.3,,一般,,
2021/10/28,HY1,202111  ,29.4,29.45,29.35,29.35,0.05,0.17%,24.0,29.35,581,29.35,29.4,30.2,28.95,,一般,,
2021/10/28,HY1,202112  ,-,-,-,-,-,-,0.0,29.3,735,29.25,29.45,30.4,26.75,,一般,,
2021/10/28,HY1,202203  ,-,-,-,-,-,-,0.0,29.35,22,29.1,29.45,30.65,28.3,,一般,,
2021/10/29,HY1,202111  ,29.25,29.25,29.15,29.15,-0.2,-0.68%,18.0,29.15,585,29.1,29.2,30.2,28.95,,一般,,
2021/10/29,HY1,202112  ,29.15,29.15,29.15,29.15,-0.15,-0.51%,10.0,29.15,745,29.05,29.3,30.4,26.75,,一般,,
2021/10/29,HY1,202203  ,-,-,-,-,-,-,0.0,29.15,22,29.1,29.35,30.65,28.3,,一般,,
2021/10/25,HY1,202111/202112    ,-,-,-,-,-,-,0.0,-,-,-,-,0.09,-0.01,,一般,19.0,
2021/10/26,HY1,202111/202112    ,-0.01,-0.01,-0.01,-0.01,-,-,130.0,-,-,-,-0.01,0.09,-0.01,,一般,21.0,
2021/10/27,HY1,202111/202112    ,-0.01,-0.01,-0.01,-0.01,-,-,11.0,-,-,-0.15,-0.01,0.09,-0.01,,一般,10.0,
2021/10/29,HY1,202111/202112    ,-,-,-,-,-,-,0.0,-,-,-0.15,0.3,0.09,-0.01,,一般,10.0,
2021/11/01,HY1,202111  ,-,-,-,-,-,-,0.0,28.9,585,28.85,29,30.2,28.95,,一般,,
2021/11/01,HY1,202112  ,-,-,-,-,-,-,0.0,28.9,745,28.85,29.05,30.4,26.75,,一般,,
2021/11/01,HY1,202203  ,-,-,-,-,-,-,0.0,28.9,22,28.95,29.1,30.65,28.3,,一般,,
2021/11/02,HY1,202111  ,29,29,28.95,29,0.1,0.35%,12.0,29,582,28.95,29.15,30.2,28.95,,一般,,
2021/11/02,HY1,202112  ,-,-,-,-,-,-,0.0,29,745,28.95,29.3,30.4,26.75,,一般,,
2021/11/02,HY1,202203  ,29.1,29.1,29.1,29.1,0.2,0.69%,1.0,29.1,23,28.8,29.45,30.65,28.3,,一般,,
2021/11/03,HY1,202111  ,29,29,29,29,0,0.00%,6.0,28.95,579,28.95,29,30.2,28.95,,一般,,
2021/11/03,HY1,202112  ,-,-,-,-,-,-,0.0,28.95,745,28.95,29.1,30.4,26.75,,一般,,
2021/11/03,HY1,202203  ,-,-,-,-,-,-,0.0,29.05,23,29,29.15,30.65,28.3,,一般,,
2021/11/04,HY1,202111  ,29,29,28.9,28.95,0,0.00%,63.0,28.95,556,28.85,28.95,30.2,28.9,,一般,,
2021/11/04,HY1,202112  ,29,29,28.9,28.95,0,0.00%,59.0,28.9,788,28.85,28.95,30.4,26.75,,一般,,
2021/11/04,HY1,202203  ,-,-,-,-,-,-,0.0,29.05,23,29,29.15,30.65,28.3,,一般,,
2021/11/05,HY1,202111  ,28.85,28.9,28.85,28.9,-0.05,-0.17%,34.0,28.9,523,28.85,28.9,30.2,28.85,,一般,,
2021/11/05,HY1,202112  ,-,-,-,-,-,-,0.0,28.85,788,28.85,29,30.4,26.75,,一般,,
2021/11/05,HY1,202203  ,29,29,28.95,28.95,-0.1,-0.34%,16.0,28.95,30,28.95,29.1,30.65,28.3,,一般,,
2021/11/08,HY1,202111  ,29.05,29.05,29,29,0.1,0.35%,24.0,29,513,28.85,29,30.2,28.85,,一般,,
2021/11/08,HY1,202112  ,29.05,29.05,29,29,0.15,0.52%,29.0,29,812,28.9,29.05,30.4,26.75,,一般,,
2021/11/08,HY1,202203  ,29.1,29.15,29.1,29.15,0.2,0.69%,4.0,29.15,34,29.1,29.25,30.65,28.3,,一般,,
2021/11/09,HY1,202111  ,29,29,29,29,0,0.00%,5.0,29,509,28.7,29,30.2,28.85,,一般,,
2021/11/09,HY1,202112  ,29,29,29,29,0,0.00%,1.0,29,813,28.6,29.1,30.4,26.75,,一般,,
2021/11/09,HY1,202203  ,-,-,-,-,-,-,0.0,29.15,34,28.65,29.4,30.65,28.3,,一般,,
2021/11/10,HY1,202111  ,-,-,-,-,-,-,0.0,28.95,509,-,29,30.2,28.85,,一般,,
2021/11/10,HY1,202112  ,-,-,-,-,-,-,0.0,28.95,813,28.95,29,30.4,26.75,,一般,,
2021/11/10,HY1,202203  ,-,-,-,-,-,-,0.0,29.1,34,-,-,30.65,28.3,,一般,,
2021/11/11,HY1,202111  ,29.15,29.15,29.05,29.05,0.1,0.35%,19.0,29.05,494,28.9,29.1,30.2,28.85,,一般,,
2021/11/11,HY1,202112  ,29.05,29.15,29.05,29.05,0.1,0.35%,23.0,29.05,828,29,29.2,30.4,26.75,,一般,,
2021/11/11,HY1,202203  ,29.25,29.25,29.15,29.15,0.05,0.17%,11.0,29.15,45,28.7,29.55,30.65,28.3,,一般,,
2021/11/12,HY1,202111  ,29.2,29.65,29.2,29.6,0.55,1.89%,287.0,29.6,309,29.6,29.65,30.2,28.85,,一般,,
2021/11/12,HY1,202112  ,29.25,29.6,29.25,29.6,0.55,1.89%,124.0,29.6,951,29.6,29.75,30.4,26.75,,一般,,
2021/11/12,HY1,202203  ,29.85,29.85,29.8,29.8,0.65,2.23%,5.0,29.8,50,29.75,30,30.65,28.3,,一般,,
2021/11/15,HY1,202111  ,30.1,30.1,30,30.1,0.5,1.69%,41.0,30.1,269,30.05,30.15,30.2,28.85,,一般,,
2021/11/15,HY1,202112  ,30.1,30.15,30.1,30.15,0.55,1.86%,2.0,30.15,951,30.1,30.4,30.4,26.75,,一般,,
2021/11/15,HY1,202203  ,-,-,-,-,-,-,0.0,30.3,50,30.15,30.7,30.65,28.3,,一般,,
2021/11/16,HY1,202111  ,29.95,30.1,29.9,30.1,0,0.00%,74.0,30.15,203,30.05,30.1,30.2,28.85,,一般,,
2021/11/16,HY1,202112  ,30.15,-,-,30.15,0,0.00%,3.0,30.2,954,30.05,30.25,30.4,26.75,,一般,,
2021/11/16,HY1,202203  ,-,-,-,-,-,-,0.0,30.35,50,30.15,30.45,30.65,28.3,,一般,,
2021/11/17,HY1,202111  ,30.65,30.9,30.65,30.85,0.7,2.32%,72.0,0,203,30.8,30.9,30.9,28.85,,一般,,
2021/11/17,HY1,202112  ,30.8,31,30.8,31,0.8,2.65%,11.0,31,955,30.95,33,31,26.75,,一般,,
2021/11/17,HY1,202203  ,30.9,31.1,30.8,31.1,0.75,2.47%,21.0,31.05,71,31.05,33,31.1,28.3,,一般,,
2021/11/18,HY1,202112  ,30.9,31.15,30.9,31.15,0.15,0.48%,3.0,31.15,955,31.15,31.4,31.15,26.75,,一般,,
2021/11/18,HY1,202203  ,31.25,31.25,31.25,31.25,0.2,0.64%,2.0,31.15,73,31.15,31.5,31.25,28.3,,一般,,
2021/11/19,HY1,202112  ,31,31,31,31,-0.15,-0.48%,1.0,30.9,955,30.85,31.1,31.15,26.75,,一般,,
2021/11/19,HY1,202203  ,-,-,-,-,-,-,0.0,30.9,73,30.85,31.15,31.25,28.3,,一般,,
2021/11/22,HY1,202112  ,-,-,-,-,-,-,0.0,30.65,955,30.65,30.75,31.15,26.75,,一般,,
2021/11/22,HY1,202203  ,-,-,-,-,-,-,0.0,30.65,73,30.65,30.8,31.25,28.3,,一般,,
2021/11/23,HY1,202112  ,30.65,30.65,30.65,30.65,0,0.00%,1.0,30.65,955,30.55,30.7,31.15,26.75,,一般,,
2021/11/23,HY1,202203  ,-,-,-,-,-,-,0.0,30.65,73,30.65,31,31.25,28.3,,一般,,
2021/11/24,HY1,202112  ,-,-,-,-,-,-,0.0,30.9,955,30.75,31,31.15,26.75,,一般,,
2021/11/24,HY1,202203  ,-,-,-,-,-,-,0.0,30.9,73,30.8,31.1,31.25,28.3,,一般,,
2021/11/25,HY1,202112  ,30.85,30.9,30.85,30.85,-0.05,-0.16%,3.0,30.85,954,30.85,30.95,31.15,26.75,,一般,,
2021/11/25,HY1,202203  ,30.9,30.95,30.9,30.95,0.05,0.16%,11.0,30.85,84,30.9,31.05,31.25,28.3,,一般,,
2021/11/26,HY1,202112  ,30.7,30.7,30.6,30.6,-0.25,-0.81%,33.0,30.6,952,30.55,30.6,31.15,26.75,,一般,,
2021/11/26,HY1,202203  ,-,-,-,-,-,-,0.0,30.6,84,30.65,30.8,31.25,28.3,,一般,,
2021/11/29,HY1,202112  ,30.45,30.5,30.45,30.45,-0.15,-0.49%,10.0,30.45,946,30.4,30.45,31.15,26.75,,一般,,
2021/11/29,HY1,202203  ,30.4,30.65,30.4,30.65,0.05,0.16%,4.0,30.4,88,30.35,30.7,31.25,28.3,,一般,,
2021/11/30,HY1,202112  ,30.65,30.65,30.5,30.5,0.05,0.16%,16.0,30.65,945,30.4,31.4,31.15,26.75,,一般,,
2021/11/30,HY1,202203  ,30.8,30.8,30.8,30.8,0.4,1.32%,1.0,30.6,89,30.45,30.9,31.25,28.3,,一般,,
2021/11/04,HY1,202111/202112    ,-,-,-,-,-,-,0.0,-,-,-,-,0.09,-0.01,,一般,59.0,
2021/11/08,HY1,202111/202112    ,-,-,-,-,-,-,0.0,-,-,-,-,0.09,-0.01,,一般,24.0,
2021/11/09,HY1,202111/202112    ,-,-,-,-,-,-,0.0,-,-,-0.26,-,0.09,-0.01,,一般,1.0,
2021/11/11,HY1,202111/202112    ,-,-,-,-,-,-,0.0,-,-,-0.12,-,0.09,-0.01,,一般,15.0,
2021/11/12,HY1,202111/202112    ,-,-,-,-,-,-,0.0,-,-,-0.04,-,0.09,-0.01,,一般,123.0,
2021/11/16,HY1,202111/202112    ,0,0,0,0,-,-,3.0,-,-,0,-,0.09,-0.01,,一般,0.0,
2021/12/01,HY1,202112  ,30.5,30.5,30.5,30.5,-0.15,-0.49%,1.0,30.55,945,30.5,30.55,31.15,26.75,,一般,,
2021/12/01,HY1,202203  ,-,-,-,-,-,-,0.0,30.5,89,30.45,30.7,31.25,28.3,,一般,,
2021/12/02,HY1,202112  ,30.5,30.5,30.45,30.45,-0.1,-0.33%,2.0,30.5,945,30.4,30.5,31.15,26.75,,一般,,
2021/12/02,HY1,202203  ,-,-,-,-,-,-,0.0,30.45,89,30.4,30.7,31.25,28.3,,一般,,
2021/12/03,HY1,202112  ,30.65,30.7,30.65,30.7,0.2,0.66%,10.0,30.7,944,30.65,30.7,31.15,26.75,,一般,,
2021/12/03,HY1,202203  ,30.85,30.85,30.85,30.85,0.4,1.31%,2.0,30.65,90,30.7,30.9,31.25,28.3,,一般,,
2021/12/06,HY1,202112  ,-,-,-,-,-,-,0.0,30.7,944,30.6,30.85,31.15,26.75,,一般,,
2021/12/06,HY1,202203  ,-,-,-,-,-,-,0.0,30.65,90,30.6,31,31.25,28.3,,一般,,
2021/12/07,HY1,202112  ,30.7,30.75,30.7,30.75,0.05,0.16%,5.0,30.75,939,30.7,31.3,31.15,26.75,,一般,,
2021/12/07,HY1,202203  ,30.85,30.85,30.85,30.85,0.2,0.65%,1.0,30.85,90,30.75,31.65,31.25,28.3,,一般,,
2021/12/08,HY1,202112  ,30.9,30.9,30.8,30.8,0.05,0.16%,12.0,30.75,929,30.65,30.8,31.15,26.75,,一般,,
2021/12/08,HY1,202203  ,31,31,31,31,0.15,0.49%,3.0,30.85,90,30.7,30.95,31.25,28.3,,一般,,
2021/12/09,HY1,202112  ,30.8,30.85,30.75,30.8,0.05,0.16%,59.0,30.8,884,30.7,30.85,31.15,26.75,,一般,,
2021/12/09,HY1,202203  ,30.8,30.85,30.8,30.85,0,0.00%,44.0,30.85,134,30.75,30.9,31.25,28.3,,一般,,
2021/12/10,HY1,202112  ,30.95,31,30.95,31,0.2,0.65%,3.0,30.9,882,30.7,30.85,31.15,26.75,,一般,,
2021/12/10,HY1,202203  ,-,-,-,-,-,-,0.0,30.95,134,30.65,30.85,31.25,28.3,,一般,,
2021/12/13,HY1,202112  ,30.9,30.9,30.9,30.9,0,0.00%,1.0,30.9,882,-,30.95,31.15,26.75,,一般,,
2021/12/13,HY1,202203  ,-,-,-,-,-,-,0.0,30.95,134,-,30.95,31.25,28.3,,一般,,
2021/12/14,HY1,202112  ,-,-,-,-,-,-,0.0,30.8,882,30.6,30.8,31.15,26.75,,一般,,
2021/12/14,HY1,202203  ,-,-,-,-,-,-,0.0,30.85,134,-,30.8,31.25,28.3,,一般,,
2021/12/15,HY1,202112  ,30.7,30.7,30.7,30.7,-0.1,-0.32%,1.0,0,881,30.5,30.65,31.15,26.75,,一般,,
2021/12/15,HY1,202203  ,-,-,-,-,-,-,0.0,30.65,134,30.45,30.9,31.25,28.3,,一般,,
2021/12/16,HY1,202203  ,-,-,-,-,-,-,0.0,30.55,134,30.05,33,31.25,28.3,,一般,,
2021/12/17,HY1,202203  ,31,31.05,30.85,30.85,0.3,0.98%,5.0,0,134,30.8,30.85,31.25,28.3,,一般,,
2021/12/09,HY1,202112/202203    ,-,-,-,-,-,-,0.0,-,-,-0.01,0.01,-,-,,一般,44.0,
