交易日期,契約,到期月份(週別),開盤價,最高價,最低價,收盤價,漲跌價,漲跌%,成交量,結算價,未沖銷契約數,最後最佳買價,最後最佳賣價,歷史最高價,歷史最低價,是否因訊息面暫停交易,交易時段,價差對單式委託成交量,Unnamed: 19
2023/05/04,RNF,202305  ,246,249.5,246,248,2.5,1.02%,30.0,248,29,247.5,249.5,249.5,246,,一般,,
2023/05/04,RNF,202306  ,-,-,-,-,-,-,0.0,248.5,0,246,248,-,-,,一般,,
2023/05/04,RNF,202309  ,-,-,-,-,-,-,0.0,248.5,0,239,-,-,-,,一般,,
2023/05/04,RNF,202312  ,-,-,-,-,-,-,0.0,250,0,239,-,-,-,,一般,,
2023/05/04,RNF,202403  ,-,-,-,-,-,-,0.0,250.5,0,239,-,-,-,,一般,,
2023/05/05,RNF,202305  ,251,251,245,245.5,-2.5,-1.01%,31.0,245.5,55,245,246,251,245,,一般,,
2023/05/05,RNF,202306  ,-,-,-,-,-,-,0.0,246,0,244,246,-,-,,一般,,
2023/05/05,RNF,202309  ,-,-,-,-,-,-,0.0,246,0,237.5,253.5,-,-,,一般,,
2023/05/05,RNF,202312  ,-,-,-,-,-,-,0.0,247.5,0,237.5,253.5,-,-,,一般,,
2023/05/05,RNF,202403  ,-,-,-,-,-,-,0.0,248,0,237.5,253.5,-,-,,一般,,
2023/05/08,RNF,202305  ,243,243,238,240,-5.5,-2.24%,10.0,240,60,239,240,251,238,,一般,,
2023/05/08,RNF,202306  ,239.5,239.5,239.5,239.5,-6.5,-2.64%,1.0,239.5,1,238.5,239.5,239.5,239.5,,一般,,
2023/05/08,RNF,202309  ,-,-,-,-,-,-,0.0,240.5,0,231.5,248,-,-,,一般,,
2023/05/08,RNF,202312  ,-,-,-,-,-,-,0.0,240,0,231.5,248,-,-,,一般,,
2023/05/08,RNF,202403  ,-,-,-,-,-,-,0.0,240,0,231.5,248,-,-,,一般,,
2023/05/09,RNF,202305  ,244,244,239.5,240,0,0.00%,12.0,240,62,239.5,240.5,251,238,,一般,,
2023/05/09,RNF,202306  ,243.5,243.5,239.5,240,0.5,0.21%,5.0,240,6,239,240.5,243.5,239.5,,一般,,
2023/05/09,RNF,202309  ,-,-,-,-,-,-,0.0,240.5,0,234.5,247.5,-,-,,一般,,
2023/05/09,RNF,202312  ,-,-,-,-,-,-,0.0,240,0,234.5,247.5,-,-,,一般,,
2023/05/09,RNF,202403  ,-,-,-,-,-,-,0.0,240,0,232.5,247.5,-,-,,一般,,
2023/05/10,RNF,202305  ,240.5,243,240.5,242.5,2.5,1.04%,5.0,242.5,62,242.5,249.5,251,238,,一般,,
2023/05/10,RNF,202306  ,240,241.5,240,240,0,0.00%,3.0,242.5,6,242,249.5,243.5,239.5,,一般,,
2023/05/10,RNF,202309  ,-,-,-,-,-,-,0.0,243,0,237.5,256,-,-,,一般,,
2023/05/10,RNF,202312  ,-,-,-,-,-,-,0.0,242.5,0,237.5,256,-,-,,一般,,
2023/05/10,RNF,202403  ,-,-,-,-,-,-,0.0,242.5,0,237.5,256,-,-,,一般,,
2023/05/11,RNF,202305  ,239.5,239.5,237,238.5,-4,-1.65%,12.0,238.5,57,237,239,251,237,,一般,,
2023/05/11,RNF,202306  ,239.5,239.5,239.5,239.5,-3,-1.24%,6.0,238,10,236.5,239.5,243.5,239.5,,一般,,
2023/05/11,RNF,202309  ,-,-,-,-,-,-,0.0,239,0,229.5,246,-,-,,一般,,
2023/05/11,RNF,202312  ,-,-,-,-,-,-,0.0,238.5,0,229,245.5,-,-,,一般,,
2023/05/11,RNF,202403  ,-,-,-,-,-,-,0.0,238.5,0,229.5,245.5,-,-,,一般,,
2023/05/12,RNF,202305  ,232,232,221.5,223.5,-15,-6.29%,46.0,223.5,47,224,225,251,221.5,,一般,,
2023/05/12,RNF,202306  ,232,232,223.5,223.5,-14.5,-6.09%,24.0,223.5,19,224,225.5,243.5,223.5,,一般,,
2023/05/12,RNF,202309  ,-,-,-,-,-,-,0.0,224,0,219.5,231.5,-,-,,一般,,
2023/05/12,RNF,202312  ,-,-,-,-,-,-,0.0,223.5,0,216.5,231,-,-,,一般,,
2023/05/12,RNF,202403  ,-,-,-,-,-,-,0.0,223.5,0,216.5,231,-,-,,一般,,
2023/05/15,RNF,202305  ,225,226,220,220.5,-3,-1.34%,29.0,220.5,41,220,224,251,220,,一般,,
2023/05/15,RNF,202306  ,225.5,226,220.5,220.5,-3,-1.34%,20.0,220.5,33,220,224,243.5,220.5,,一般,,
2023/05/15,RNF,202309  ,-,-,-,-,-,-,0.0,221,0,217,232,-,-,,一般,,
2023/05/15,RNF,202312  ,-,-,-,-,-,-,0.0,220.5,0,213,231.5,-,-,,一般,,
2023/05/15,RNF,202403  ,-,-,-,-,-,-,0.0,220.5,0,212.5,231.5,-,-,,一般,,
2023/05/16,RNF,202305  ,224,227.5,223,226.5,6,2.72%,19.0,226.5,30,225,237.5,251,220,,一般,,
2023/05/16,RNF,202306  ,226.5,227.5,226,226.5,6,2.72%,26.0,226.5,56,226.5,239,243.5,220.5,,一般,,
2023/05/16,RNF,202309  ,-,-,-,-,-,-,0.0,227,0,218,-,-,-,,一般,,
2023/05/16,RNF,202312  ,-,-,-,-,-,-,0.0,226.5,0,218,-,-,-,,一般,,
2023/05/16,RNF,202403  ,-,-,-,-,-,-,0.0,226.5,0,217.5,-,-,-,,一般,,
2023/05/17,RNF,202305  ,226,231.5,225.5,227,0.5,0.22%,29.0,0,8,228,228.5,251,220,,一般,,
2023/05/17,RNF,202306  ,226.5,233,225.5,229,2.5,1.10%,36.0,229,83,228.5,229.5,243.5,220.5,,一般,,
2023/05/17,RNF,202309  ,-,-,-,-,-,-,0.0,230,0,223.5,236,-,-,,一般,,
2023/05/17,RNF,202312  ,-,-,-,-,-,-,0.0,229.5,0,223.5,236,-,-,,一般,,
2023/05/17,RNF,202403  ,-,-,-,-,-,-,0.0,229.5,0,221.5,235.5,-,-,,一般,,
2023/05/18,RNF,202306  ,230,230,227,227.5,-1.5,-0.66%,20.0,227.5,90,227,227.5,243.5,220.5,,一般,,
2023/05/18,RNF,202307  ,-,-,-,-,-,-,0.0,227.5,0,226.5,227.5,-,-,,一般,,
2023/05/18,RNF,202309  ,-,-,-,-,-,-,0.0,228.5,0,225.5,234,-,-,,一般,,
2023/05/18,RNF,202312  ,-,-,-,-,-,-,0.0,228,0,220,234,-,-,,一般,,
2023/05/18,RNF,202403  ,-,-,-,-,-,-,0.0,228,0,219.5,233.5,-,-,,一般,,
2023/05/19,RNF,202306  ,227.5,231,221,223,-4.5,-1.98%,28.0,223,95,222.5,223,243.5,220.5,,一般,,
2023/05/19,RNF,202307  ,223,223,223,223,-4.5,-1.98%,1.0,223,1,222.5,223.5,223,223,,一般,,
2023/05/19,RNF,202309  ,-,-,-,-,-,-,0.0,224,0,222.5,230,-,-,,一般,,
2023/05/19,RNF,202312  ,-,-,-,-,-,-,0.0,223.5,0,215.5,229.5,-,-,,一般,,
2023/05/19,RNF,202403  ,-,-,-,-,-,-,0.0,223.5,0,215,229,-,-,,一般,,
2023/05/22,RNF,202306  ,225,233,225,230,7,3.14%,34.0,230,101,228.5,235,243.5,220.5,,一般,,
2023/05/22,RNF,202307  ,229.5,229.5,229.5,229.5,6.5,2.91%,4.0,229.5,3,228.5,236,229.5,223,,一般,,
2023/05/22,RNF,202309  ,-,-,-,-,-,-,0.0,231,0,228.5,241.5,-,-,,一般,,
2023/05/22,RNF,202312  ,-,-,-,-,-,-,0.0,230.5,0,221.5,241.5,-,-,,一般,,
2023/05/22,RNF,202403  ,-,-,-,-,-,-,0.0,230.5,0,221,241,-,-,,一般,,
2023/05/23,RNF,202306  ,228.5,234,228,232,2,0.87%,14.0,232,103,232,233.5,243.5,220.5,,一般,,
2023/05/23,RNF,202307  ,228.5,228.5,228.5,228.5,-1,-0.44%,1.0,233,3,232,234,229.5,223,,一般,,
2023/05/23,RNF,202309  ,-,-,-,-,-,-,0.0,233,0,232,240.5,-,-,,一般,,
2023/05/23,RNF,202312  ,-,-,-,-,-,-,0.0,232.5,0,229,240.5,-,-,,一般,,
2023/05/23,RNF,202403  ,-,-,-,-,-,-,0.0,232.5,0,225,240.5,-,-,,一般,,
2023/05/24,RNF,202306  ,230,230,227,227,-5,-2.16%,20.0,227,100,227,231.5,243.5,220.5,,一般,,
2023/05/24,RNF,202307  ,227.5,227.5,227.5,227.5,-5.5,-2.36%,2.0,227.5,5,227,232,229.5,223,,一般,,
2023/05/24,RNF,202309  ,-,-,-,-,-,-,0.0,228,0,226.5,238.5,-,-,,一般,,
2023/05/24,RNF,202312  ,-,-,-,-,-,-,0.0,227.5,0,222,238.5,-,-,,一般,,
2023/05/24,RNF,202403  ,-,-,-,-,-,-,0.0,227.5,0,220,238.5,-,-,,一般,,
2023/05/25,RNF,202306  ,226.5,226.5,225.5,225.5,-1.5,-0.66%,8.0,225.5,107,225.5,227.5,243.5,220.5,,一般,,
2023/05/25,RNF,202307  ,225.5,225.5,225.5,225.5,-2,-0.88%,1.0,225.5,6,225.5,227.5,229.5,223,,一般,,
2023/05/25,RNF,202309  ,-,-,-,-,-,-,0.0,226.5,0,225,239,-,-,,一般,,
2023/05/25,RNF,202312  ,-,-,-,-,-,-,0.0,226,0,218.5,239,-,-,,一般,,
2023/05/25,RNF,202403  ,-,-,-,-,-,-,0.0,226,0,218.5,239,-,-,,一般,,
2023/05/26,RNF,202306  ,225,225,219.5,220,-5.5,-2.44%,30.0,220,111,219,220,243.5,219.5,,一般,,
2023/05/26,RNF,202307  ,222.5,222.5,222.5,222.5,-3,-1.33%,1.0,220,7,219,220.5,229.5,222.5,,一般,,
2023/05/26,RNF,202309  ,-,-,-,-,-,-,0.0,221,0,218.5,227,-,-,,一般,,
2023/05/26,RNF,202312  ,-,-,-,-,-,-,0.0,220.5,0,214,227,-,-,,一般,,
2023/05/26,RNF,202403  ,-,-,-,-,-,-,0.0,220.5,0,212,227,-,-,,一般,,
2023/05/29,RNF,202306  ,221,226,221,225,5,2.27%,12.0,225,117,224.5,228,243.5,219.5,,一般,,
2023/05/29,RNF,202307  ,226,226,226,226,6,2.73%,1.0,226,7,224.5,228.5,229.5,222.5,,一般,,
2023/05/29,RNF,202309  ,-,-,-,-,-,-,0.0,226,0,217.5,235,-,-,,一般,,
2023/05/29,RNF,202312  ,-,-,-,-,-,-,0.0,225.5,0,217.5,235,-,-,,一般,,
2023/05/29,RNF,202403  ,-,-,-,-,-,-,0.0,225.5,0,217.5,235,-,-,,一般,,
2023/05/30,RNF,202306  ,224.5,227,223,224,-1,-0.44%,20.0,224,123,222.5,225,243.5,219.5,,一般,,
2023/05/30,RNF,202307  ,225.5,225.5,225,225,-1,-0.44%,3.0,225,10,222.5,225.5,229.5,222.5,,一般,,
2023/05/30,RNF,202309  ,-,-,-,-,-,-,0.0,225,0,222.5,232,-,-,,一般,,
2023/05/30,RNF,202312  ,-,-,-,-,-,-,0.0,224.5,0,222.5,232,-,-,,一般,,
2023/05/30,RNF,202403  ,-,-,-,-,-,-,0.0,224.5,0,222.5,232,-,-,,一般,,
2023/05/31,RNF,202306  ,227,231,227,231,7,3.13%,39.0,231,134,230,235,243.5,219.5,,一般,,
2023/05/31,RNF,202307  ,225,-,-,225,0,0.00%,11.0,232,16,230,235.5,229.5,222.5,,一般,,
2023/05/31,RNF,202309  ,-,-,-,-,-,-,0.0,232,0,230,242,-,-,,一般,,
2023/05/31,RNF,202312  ,-,-,-,-,-,-,0.0,231.5,0,230,242,-,-,,一般,,
2023/05/31,RNF,202403  ,-,-,-,-,-,-,0.0,231.5,0,230,242,-,-,,一般,,
2023/05/09,RNF,202305/202306    ,-,-,-,-,-,-,0.0,-,-,-0.51,-0.04,-,-,,一般,3.0,
2023/05/11,RNF,202305/202306    ,-0.1,-0.05,-0.1,-0.05,-,-,5.0,-,-,-0.44,0.01,-0.05,-0.1,,一般,0.0,
2023/05/12,RNF,202305/202306    ,-0.02,0.22,-0.02,0.22,-,-,5.0,-,-,0.04,0.45,0.22,-0.1,,一般,13.0,
2023/05/15,RNF,202305/202306    ,0.45,0.45,0.43,0.43,-,-,7.0,-,-,0.08,0.51,0.45,-0.1,,一般,6.0,
2023/05/16,RNF,202305/202306    ,0.51,0.61,0.5,0.5,-,-,10.0,-,-,0.02,1.01,0.61,-0.1,,一般,2.0,
2023/05/17,RNF,202305/202306    ,1.01,1.01,0.5,0.5,-,-,9.0,-,-,-,-,1.01,-0.1,,一般,5.0,
2023/05/19,RNF,202306/202307    ,-,-,-,-,-,-,0.0,-,-,0.01,0.09,-,-,,一般,1.0,
2023/05/22,RNF,202306/202307    ,0.11,0.11,0.11,0.11,-,-,3.0,-,-,0.01,0.51,0.11,0.11,,一般,1.0,
2023/05/23,RNF,202306/202307    ,-,-,-,-,-,-,0.0,-,-,0.04,0.28,0.11,0.11,,一般,1.0,
2023/05/24,RNF,202306/202307    ,-,-,-,-,-,-,0.0,-,-,0.03,0.29,0.11,0.11,,一般,2.0,
2023/05/25,RNF,202306/202307    ,-,-,-,-,-,-,0.0,-,-,0.01,0.49,0.11,0.11,,一般,1.0,
2023/05/30,RNF,202306/202307    ,-,-,-,-,-,-,0.0,-,-,0.01,0.28,0.11,0.11,,一般,3.0,
2023/05/31,RNF,202306/202307    ,0.28,0.29,0.28,0.29,-,-,11.0,-,-,0.03,0.49,0.29,0.11,,一般,0.0,
2023/06/01,RNF,202306  ,232,232,228,228.5,-2.5,-1.08%,15.0,228.5,136,224,229,243.5,219.5,,一般,,
2023/06/01,RNF,202307  ,232,232,232,232,0,0.00%,1.0,227,17,224,229.5,232,222.5,,一般,,
2023/06/01,RNF,202309  ,-,-,-,-,-,-,0.0,229.5,0,224,236,-,-,,一般,,
2023/06/01,RNF,202312  ,-,-,-,-,-,-,0.0,229,0,224,236,-,-,,一般,,
2023/06/01,RNF,202403  ,-,-,-,-,-,-,0.0,229,0,224,236,-,-,,一般,,
2023/06/02,RNF,202306  ,234.5,244,233,240.5,12,5.25%,142.0,240.5,184,240,241,244,219.5,,一般,,
2023/06/02,RNF,202307  ,242,244,239,240.5,13.5,5.95%,32.0,240.5,34,240,241.5,244,222.5,,一般,,
2023/06/02,RNF,202309  ,-,-,-,-,-,-,0.0,241.5,0,240,248,-,-,,一般,,
2023/06/02,RNF,202312  ,-,-,-,-,-,-,0.0,241,0,240,248,-,-,,一般,,
2023/06/02,RNF,202403  ,-,-,-,-,-,-,0.0,241,0,240,248,-,-,,一般,,
2023/06/05,RNF,202306  ,241,242.5,236,236,-4.5,-1.87%,61.0,236,192,235.5,237.5,244,219.5,,一般,,
2023/06/05,RNF,202307  ,238,239,237,237,-3.5,-1.46%,15.0,237,39,235.5,238,244,222.5,,一般,,
2023/06/05,RNF,202309  ,-,-,-,-,-,-,0.0,237,0,235.5,244.5,-,-,,一般,,
2023/06/05,RNF,202312  ,-,-,-,-,-,-,0.0,236.5,0,228.5,244.5,-,-,,一般,,
2023/06/05,RNF,202403  ,-,-,-,-,-,-,0.0,236.5,0,228.5,244.5,-,-,,一般,,
2023/06/06,RNF,202306  ,238.5,241,236.5,241,5,2.12%,26.0,241,184,239.5,241.5,244,219.5,,一般,,
2023/06/06,RNF,202307  ,240.5,241.5,240.5,241.5,4.5,1.90%,2.0,241.5,40,239.5,242,244,222.5,,一般,,
2023/06/06,RNF,202309  ,-,-,-,-,-,-,0.0,242,0,239.5,248.5,-,-,,一般,,
2023/06/06,RNF,202312  ,-,-,-,-,-,-,0.0,241.5,0,232.5,248.5,-,-,,一般,,
2023/06/06,RNF,202403  ,-,-,-,-,-,-,0.0,241.5,0,232.5,248.5,-,-,,一般,,
2023/06/07,RNF,202306  ,241.5,243.5,240.5,241,0,0.00%,13.0,241,187,240.5,242.5,244,219.5,,一般,,
2023/06/07,RNF,202307  ,241.5,241.5,241.5,241.5,0,0.00%,1.0,241.5,41,241,243,244,222.5,,一般,,
2023/06/07,RNF,202309  ,-,-,-,-,-,-,0.0,242,0,230.5,249.5,-,-,,一般,,
2023/06/07,RNF,202312  ,-,-,-,-,-,-,0.0,241.5,0,224,249.5,-,-,,一般,,
2023/06/07,RNF,202403  ,-,-,-,-,-,-,0.0,241.5,0,224,249.5,-,-,,一般,,
2023/06/08,RNF,202306  ,239.5,240.5,234,234,-7,-2.90%,63.0,234,160,233.5,234,244,219.5,,一般,,
2023/06/08,RNF,202307  ,240,240,234,234,-7.5,-3.11%,12.0,234,50,233.5,234,244,222.5,,一般,,
2023/06/08,RNF,202309  ,-,-,-,-,-,-,0.0,235,0,226.5,242,-,-,,一般,,
2023/06/08,RNF,202312  ,-,-,-,-,-,-,0.0,234.5,0,226.5,242,-,-,,一般,,
2023/06/08,RNF,202403  ,-,-,-,-,-,-,0.0,234.5,0,226.5,242,-,-,,一般,,
2023/06/09,RNF,202306  ,235,240.5,235,239,5,2.14%,32.0,239,153,240,241,244,219.5,,一般,,
2023/06/09,RNF,202307  ,238.5,240.5,238.5,240.5,6.5,2.78%,10.0,240.5,51,240,241.5,244,222.5,,一般,,
2023/06/09,RNF,202309  ,-,-,-,-,-,-,0.0,240,0,233,248,-,-,,一般,,
2023/06/09,RNF,202312  ,-,-,-,-,-,-,0.0,239.5,0,233,248,-,-,,一般,,
2023/06/09,RNF,202403  ,-,-,-,-,-,-,0.0,239.5,0,233,248,-,-,,一般,,
2023/06/12,RNF,202306  ,240,241,239,241,2,0.84%,19.0,241,143,241,260,244,219.5,,一般,,
2023/06/12,RNF,202307  ,241.5,241.5,239,240,-0.5,-0.21%,5.0,240,54,241,260.5,244,222.5,,一般,,
2023/06/12,RNF,202309  ,-,-,-,-,-,-,0.0,242,0,240,-,-,-,,一般,,
2023/06/12,RNF,202312  ,-,-,-,-,-,-,0.0,241.5,0,234,-,-,-,,一般,,
2023/06/12,RNF,202403  ,-,-,-,-,-,-,0.0,241.5,0,234,-,-,-,,一般,,
2023/06/13,RNF,202306  ,242.5,244,240,240,-1,-0.41%,44.0,240,135,235,240.5,244,219.5,,一般,,
2023/06/13,RNF,202307  ,241.5,244,240,240,0,0.00%,29.0,240,73,235,241.5,244,222.5,,一般,,
2023/06/13,RNF,202309  ,-,-,-,-,-,-,0.0,241,0,233.5,247.5,-,-,,一般,,
2023/06/13,RNF,202312  ,-,-,-,-,-,-,0.0,240.5,0,228,247.5,-,-,,一般,,
2023/06/13,RNF,202403  ,-,-,-,-,-,-,0.0,240.5,0,228,247.5,-,-,,一般,,
2023/06/14,RNF,202306  ,243,246.5,239.5,239.5,-0.5,-0.21%,36.0,238,133,236,239.5,246.5,219.5,,一般,,
2023/06/14,RNF,202307  ,243,243,237.5,237.5,-2.5,-1.04%,9.0,237.5,81,235.5,239,244,222.5,,一般,,
2023/06/14,RNF,202309  ,-,-,-,-,-,-,0.0,239,0,233.5,247,-,-,,一般,,
2023/06/14,RNF,202312  ,-,-,-,-,-,-,0.0,238.5,0,228.5,247,-,-,,一般,,
2023/06/14,RNF,202403  ,-,-,-,-,-,-,0.0,238.5,0,228.5,247,-,-,,一般,,
2023/06/15,RNF,202306  ,235,236.5,229,236.5,-1.5,-0.63%,80.0,235.5,139,232,237,246.5,219.5,,一般,,
2023/06/15,RNF,202307  ,236,236,230,230,-7.5,-3.16%,17.0,235,87,232,242,244,222.5,,一般,,
2023/06/15,RNF,202309  ,-,-,-,-,-,-,0.0,236.5,0,229.5,244,-,-,,一般,,
2023/06/15,RNF,202312  ,-,-,-,-,-,-,0.0,236,0,225,244,-,-,,一般,,
2023/06/15,RNF,202403  ,-,-,-,-,-,-,0.0,236,0,225,244,-,-,,一般,,
2023/06/16,RNF,202306  ,205.5,220,205,217,10,4.83%,57.0,217,48,216.5,217.5,220,205,,一般,,
2023/06/16,RNF,202307  ,210,219,210,217,10.5,5.08%,15.0,217,13,216.5,217.5,219,210,,一般,,
2023/06/16,RNF,202309  ,-,-,-,-,-,-,0.0,218,0,210,224.5,-,-,,一般,,
2023/06/16,RNF,202312  ,-,-,-,-,-,-,0.0,217.5,0,210,224.5,-,-,,一般,,
2023/06/16,RNF,202403  ,-,-,-,-,-,-,0.0,217.5,0,210,224.5,-,-,,一般,,
2023/06/19,RNF,202306  ,217,222,214.5,215.5,-1.5,-0.69%,15.0,215.5,53,215.5,217,222,205,,一般,,
2023/06/19,RNF,202307  ,219,222,218,218,1,0.46%,19.0,218,28,216.5,219,222,210,,一般,,
2023/06/19,RNF,202309  ,-,-,-,-,-,-,0.0,216.5,0,208.5,224,-,-,,一般,,
2023/06/19,RNF,202312  ,-,-,-,-,-,-,0.0,216,0,208.5,224,-,-,,一般,,
2023/06/19,RNF,202403  ,-,-,-,-,-,-,0.0,216,0,208.5,224,-,-,,一般,,
2023/06/20,RNF,202306  ,-,-,-,-,-,-,0.0,215,53,211,216.5,222,205,,一般,,
2023/06/20,RNF,202307  ,-,-,-,-,-,-,0.0,215.5,28,216,219.5,222,210,,一般,,
2023/06/20,RNF,202309  ,-,-,-,-,-,-,0.0,216,0,-,223.5,-,-,,一般,,
2023/06/20,RNF,202312  ,-,-,-,-,-,-,0.0,215.5,0,-,223.5,-,-,,一般,,
2023/06/20,RNF,202403  ,-,-,-,-,-,-,0.0,215.5,0,-,223.5,-,-,,一般,,
2023/06/21,RNF,202306  ,211.5,211.5,210,210,-5,-2.33%,19.0,0,52,210,210.5,222,205,,一般,,
2023/06/21,RNF,202307  ,214,214,210,211,-4.5,-2.09%,36.0,211,59,210,211,222,210,,一般,,
2023/06/21,RNF,202309  ,-,-,-,-,-,-,0.0,211,0,203.5,217.5,-,-,,一般,,
2023/06/21,RNF,202312  ,-,-,-,-,-,-,0.0,210.5,0,203.5,217.5,-,-,,一般,,
2023/06/21,RNF,202403  ,-,-,-,-,-,-,0.0,210.5,0,203.5,217.5,-,-,,一般,,
2023/06/26,RNF,202307  ,207,212,206.5,211,0,0.00%,63.0,211,109,211,232,222,206.5,,一般,,
2023/06/26,RNF,202308  ,208.5,208.5,208,208,-2.5,-1.19%,3.0,210.5,2,210.5,-,208.5,208,,一般,,
2023/06/26,RNF,202309  ,-,-,-,-,-,-,0.0,211,0,204.5,-,-,-,,一般,,
2023/06/26,RNF,202312  ,-,-,-,-,-,-,0.0,210.5,0,204.5,-,-,-,,一般,,
2023/06/26,RNF,202403  ,-,-,-,-,-,-,0.0,210.5,0,204.5,-,-,-,,一般,,
2023/06/27,RNF,202307  ,212.5,227.5,212.5,221,10,4.74%,199.0,221,203,219.5,222.5,227.5,206.5,,一般,,
2023/06/27,RNF,202308  ,214.5,223,214.5,222,11.5,5.46%,30.0,222,23,219.5,223,223,208,,一般,,
2023/06/27,RNF,202309  ,-,-,-,-,-,-,0.0,221,0,214,229.5,-,-,,一般,,
2023/06/27,RNF,202312  ,-,-,-,-,-,-,0.0,220.5,0,212.5,229.5,-,-,,一般,,
2023/06/27,RNF,202403  ,-,-,-,-,-,-,0.0,220.5,0,212.5,229.5,-,-,,一般,,
2023/06/28,RNF,202307  ,224.5,225,217,220,-1,-0.45%,34.0,220,217,219.5,221.5,227.5,206.5,,一般,,
2023/06/28,RNF,202308  ,220,222.5,219.5,219.5,-2.5,-1.13%,5.0,219.5,25,220,222,223,208,,一般,,
2023/06/28,RNF,202309  ,-,-,-,-,-,-,0.0,220,0,215,228.5,-,-,,一般,,
2023/06/28,RNF,202312  ,-,-,-,-,-,-,0.0,219.5,0,212.5,228.5,-,-,,一般,,
2023/06/28,RNF,202403  ,-,-,-,-,-,-,0.0,219.5,0,212.5,228.5,-,-,,一般,,
2023/06/29,RNF,202307  ,225,226.5,220,221,1,0.45%,51.0,221,210,220,221,227.5,206.5,,一般,,
2023/06/29,RNF,202308  ,225,226.5,220,220,0.5,0.23%,5.0,220,30,220,221.5,226.5,208,,一般,,
2023/06/29,RNF,202309  ,-,-,-,-,-,-,0.0,221,0,215.5,228,-,-,,一般,,
2023/06/29,RNF,202312  ,-,-,-,-,-,-,0.0,220.5,0,213,228,-,-,,一般,,
2023/06/29,RNF,202403  ,-,-,-,-,-,-,0.0,220.5,0,213,228,-,-,,一般,,
2023/06/30,RNF,202307  ,222,223,217,217,-4,-1.81%,30.0,217,220,216.5,217.5,227.5,206.5,,一般,,
2023/06/30,RNF,202308  ,219,219,217.5,217.5,-2.5,-1.14%,4.0,217.5,31,216.5,218,226.5,208,,一般,,
2023/06/30,RNF,202309  ,-,-,-,-,-,-,0.0,217,0,209.5,224.5,-,-,,一般,,
2023/06/30,RNF,202312  ,-,-,-,-,-,-,0.0,216.5,0,209.5,224.5,-,-,,一般,,
2023/06/30,RNF,202403  ,-,-,-,-,-,-,0.0,216.5,0,209.5,224.5,-,-,,一般,,
2023/06/02,RNF,202306/202307    ,0.08,0.08,0.03,0.03,-,-,9.0,-,-,0.04,0.49,0.29,0.03,,一般,21.0,
2023/06/05,RNF,202306/202307    ,0.05,0.07,0.05,0.07,-,-,12.0,-,-,0.06,0.19,0.29,0.03,,一般,1.0,
2023/06/06,RNF,202306/202307    ,-,-,-,-,-,-,0.0,-,-,0.02,0.23,0.29,0.03,,一般,2.0,
2023/06/07,RNF,202306/202307    ,-,-,-,-,-,-,0.0,-,-,0.01,0.24,0.29,0.03,,一般,1.0,
2023/06/08,RNF,202306/202307    ,0.17,0.23,0.17,0.23,-,-,9.0,-,-,0.16,0.23,0.29,0.03,,一般,3.0,
2023/06/09,RNF,202306/202307    ,-,-,-,-,-,-,0.0,-,-,0.02,0.23,0.29,0.03,,一般,9.0,
2023/06/12,RNF,202306/202307    ,-,-,-,-,-,-,0.0,-,-,0.01,0.24,0.29,0.03,,一般,2.0,
2023/06/13,RNF,202306/202307    ,0,0.24,0,0.24,-,-,16.0,-,-,0.25,0.51,0.29,0,,一般,5.0,
2023/06/14,RNF,202306/202307    ,0.29,0.3,0.29,0.3,-,-,5.0,-,-,-0.01,0.51,0.3,0,,一般,1.0,
2023/06/15,RNF,202306/202307    ,-,-,-,-,-,-,0.0,-,-,0.02,4.99,0.3,0,,一般,7.0,
2023/06/16,RNF,202306/202307    ,-,-,-,-,-,-,0.0,-,-,0.01,4.99,0.3,0,,一般,4.0,
2023/06/19,RNF,202306/202307    ,-,-,-,-,-,-,0.0,-,-,0.25,4.99,0.3,0,,一般,3.0,
2023/06/21,RNF,202306/202307    ,-,-,-,-,-,-,0.0,-,-,-,-,0.3,0,,一般,7.0,
2023/06/26,RNF,202307/202308    ,-,-,-,-,-,-,0.0,-,-,-0.08,0.49,-,-,,一般,1.0,
2023/06/27,RNF,202307/202308    ,0.01,0.01,0.01,0.01,-,-,8.0,-,-,0.03,0.3,0.01,0.01,,一般,15.0,
2023/06/28,RNF,202307/202308    ,-,-,-,-,-,-,0.0,-,-,0.01,0.47,0.01,0.01,,一般,5.0,
2023/06/29,RNF,202307/202308    ,-,-,-,-,-,-,0.0,-,-,0.01,0.45,0.01,0.01,,一般,5.0,
2023/06/30,RNF,202307/202308    ,-,-,-,-,-,-,0.0,-,-,0.09,0.45,0.01,0.01,,一般,3.0,
2023/07/03,RNF,202307  ,213,221,209.5,212,-5,-2.30%,31.0,212,225,212.5,226,227.5,206.5,,一般,,
2023/07/03,RNF,202308  ,212,213,212,213,-4.5,-2.07%,8.0,213,34,212.5,226.5,226.5,208,,一般,,
2023/07/03,RNF,202309  ,-,-,-,-,-,-,0.0,212,0,206,232.5,-,-,,一般,,
2023/07/03,RNF,202312  ,-,-,-,-,-,-,0.0,211.5,0,206,232.5,-,-,,一般,,
2023/07/03,RNF,202403  ,-,-,-,-,-,-,0.0,211.5,0,206,232.5,-,-,,一般,,
2023/07/04,RNF,202307  ,215.5,216.5,211,211,-1,-0.47%,56.0,211,258,210.5,212,227.5,206.5,,一般,,
2023/07/04,RNF,202308  ,212.5,215.5,212,212,-1,-0.47%,7.0,212,41,210.5,212.5,226.5,208,,一般,,
2023/07/04,RNF,202309  ,-,-,-,-,-,-,0.0,211,0,204,218.5,-,-,,一般,,
2023/07/04,RNF,202312  ,-,-,-,-,-,-,0.0,210.5,0,204,218.5,-,-,,一般,,
2023/07/04,RNF,202403  ,-,-,-,-,-,-,0.0,210.5,0,204,218.5,-,-,,一般,,
2023/07/05,RNF,202307  ,211,214,209,209.5,-1.5,-0.71%,29.0,209.5,257,209.5,213,227.5,206.5,,一般,,
2023/07/05,RNF,202308  ,212,-,-,212,0,0.00%,5.0,210.5,41,209.5,213.5,226.5,208,,一般,,
2023/07/05,RNF,202309  ,-,-,-,-,-,-,0.0,209.5,0,205.5,219.5,-,-,,一般,,
2023/07/05,RNF,202312  ,-,-,-,-,-,-,0.0,209,0,203,219.5,-,-,,一般,,
2023/07/05,RNF,202403  ,-,-,-,-,-,-,0.0,209,0,203,219.5,-,-,,一般,,
2023/07/06,RNF,202307  ,210,210,205.5,206,-3.5,-1.67%,86.0,206,203,205.5,207.5,227.5,205.5,,一般,,
2023/07/06,RNF,202308  ,206,206,205.5,205.5,-5,-2.38%,15.0,205.5,37,205.5,207.5,226.5,205.5,,一般,,
2023/07/06,RNF,202309  ,-,-,-,-,-,-,0.0,206,0,206,215,-,-,,一般,,
2023/07/06,RNF,202312  ,-,-,-,-,-,-,0.0,205.5,0,199,215,-,-,,一般,,
2023/07/06,RNF,202403  ,-,-,-,-,-,-,0.0,205.5,0,199,215,-,-,,一般,,
2023/07/07,RNF,202307  ,205.5,206,205.5,205.5,-0.5,-0.24%,3.0,205.5,201,205,220,227.5,205.5,,一般,,
2023/07/07,RNF,202308  ,-,-,-,-,-,-,0.0,205,37,205,220.5,226.5,205.5,,一般,,
2023/07/07,RNF,202309  ,-,-,-,-,-,-,0.0,205.5,0,205.5,226.5,-,-,,一般,,
2023/07/07,RNF,202312  ,-,-,-,-,-,-,0.0,205,0,199,-,-,-,,一般,,
2023/07/07,RNF,202403  ,-,-,-,-,-,-,0.0,205,0,199,-,-,-,,一般,,
2023/07/10,RNF,202307  ,218,218,208.5,208.5,3,1.46%,44.0,208.5,218,208.5,212,227.5,205.5,,一般,,
2023/07/10,RNF,202308  ,205,-,-,205,0,0.00%,8.0,208,43,208.5,212.5,226.5,205.5,,一般,,
2023/07/10,RNF,202309  ,-,-,-,-,-,-,0.0,208.5,0,202,218.5,-,-,,一般,,
2023/07/10,RNF,202312  ,-,-,-,-,-,-,0.0,208,0,202.5,218.5,-,-,,一般,,
2023/07/10,RNF,202403  ,-,-,-,-,-,-,0.0,208,0,202.5,219,-,-,,一般,,
2023/07/11,RNF,202307  ,206.5,207,206.5,206.5,-2,-0.96%,61.0,206.5,185,206.5,215.5,227.5,205.5,,一般,,
2023/07/11,RNF,202308  ,207.5,207.5,207.5,207.5,-0.5,-0.24%,57.0,207.5,78,207,216,226.5,205.5,,一般,,
2023/07/11,RNF,202309  ,-,-,-,-,-,-,0.0,206.5,0,199,222,-,-,,一般,,
2023/07/11,RNF,202312  ,-,-,-,-,-,-,0.0,206,0,199.5,222,-,-,,一般,,
2023/07/11,RNF,202403  ,-,-,-,-,-,-,0.0,206,0,199.5,222.5,-,-,,一般,,
2023/07/12,RNF,202307  ,205.5,206,201,201,-5.5,-2.66%,31.0,201,171,201,202,227.5,201,,一般,,
2023/07/12,RNF,202308  ,205,205,203.5,203.5,-4,-1.93%,16.0,203.5,90,202,203,226.5,203.5,,一般,,
2023/07/12,RNF,202309  ,-,-,-,-,-,-,0.0,201,0,194.5,208.5,-,-,,一般,,
2023/07/12,RNF,202312  ,-,-,-,-,-,-,0.0,200.5,0,195,208.5,-,-,,一般,,
2023/07/12,RNF,202403  ,-,-,-,-,-,-,0.0,200.5,0,195,208.5,-,-,,一般,,
2023/07/13,RNF,202307  ,195,195.5,192.5,193,-8,-3.98%,41.0,193,158,192.5,193.5,227.5,192.5,,一般,,
2023/07/13,RNF,202308  ,195,195,194,194,-9.5,-4.67%,11.0,194,95,193,194,226.5,194,,一般,,
2023/07/13,RNF,202309  ,-,-,-,-,-,-,0.0,193,0,186.5,216,-,-,,一般,,
2023/07/13,RNF,202312  ,-,-,-,-,-,-,0.0,192.5,0,186.5,216.5,-,-,,一般,,
2023/07/13,RNF,202403  ,-,-,-,-,-,-,0.0,192.5,0,187,216.5,-,-,,一般,,
2023/07/14,RNF,202307  ,190,200.5,188,199,6,3.11%,41.0,198,157,198.5,199,227.5,188,,一般,,
2023/07/14,RNF,202308  ,191,200,191,199,5,2.58%,16.0,199,102,198.5,200,226.5,191,,一般,,
2023/07/14,RNF,202309  ,-,-,-,-,-,-,0.0,198,0,192.5,205,-,-,,一般,,
2023/07/14,RNF,202312  ,-,-,-,-,-,-,0.0,197.5,0,192.5,205,-,-,,一般,,
2023/07/14,RNF,202403  ,-,-,-,-,-,-,0.0,197.5,0,193,205,-,-,,一般,,
2023/07/17,RNF,202307  ,208,215.5,208,211.5,13.5,6.82%,48.0,211.5,149,208.5,211,227.5,188,,一般,,
2023/07/17,RNF,202308  ,202.5,216,202.5,212.5,13.5,6.78%,26.0,212.5,123,211,215,226.5,191,,一般,,
2023/07/17,RNF,202309  ,-,-,-,-,-,-,0.0,211.5,0,202,217.5,-,-,,一般,,
2023/07/17,RNF,202312  ,-,-,-,-,-,-,0.0,211,0,202.5,-,-,-,,一般,,
2023/07/17,RNF,202403  ,-,-,-,-,-,-,0.0,211,0,202.5,-,-,-,,一般,,
2023/07/18,RNF,202307  ,211,211,202,202,-9.5,-4.49%,43.0,202,130,201,204.5,227.5,188,,一般,,
2023/07/18,RNF,202308  ,212.5,212.5,203.5,203.5,-9,-4.24%,27.0,203.5,136,203.5,209.5,226.5,191,,一般,,
2023/07/18,RNF,202309  ,-,-,-,-,-,-,0.0,202,0,194.5,211,-,-,,一般,,
2023/07/18,RNF,202312  ,-,-,-,-,-,-,0.0,201.5,0,195,211,-,-,,一般,,
2023/07/18,RNF,202403  ,-,-,-,-,-,-,0.0,201.5,0,195,211,-,-,,一般,,
2023/07/19,RNF,202307  ,206.5,210.5,206.5,208.5,6.5,3.22%,52.0,0,105,208.5,209,227.5,188,,一般,,
2023/07/19,RNF,202308  ,207.5,210.5,207.5,209,5.5,2.70%,76.0,209,181,209,210.5,226.5,191,,一般,,
2023/07/19,RNF,202309  ,-,-,-,-,-,-,0.0,208.5,0,202,217.5,-,-,,一般,,
2023/07/19,RNF,202312  ,-,-,-,-,-,-,0.0,208,0,203,217,-,-,,一般,,
2023/07/19,RNF,202403  ,-,-,-,-,-,-,0.0,208,0,203,217,-,-,,一般,,
2023/07/20,RNF,202308  ,209,211,207.5,208,-1,-0.48%,32.0,209,194,207.5,211.5,226.5,191,,一般,,
2023/07/20,RNF,202309  ,208.5,210,208.5,210,1.5,0.72%,4.0,210,4,208.5,212.5,210,208.5,,一般,,
2023/07/20,RNF,202312  ,-,-,-,-,-,-,0.0,211,0,206.5,218,-,-,,一般,,
2023/07/20,RNF,202403  ,-,-,-,-,-,-,0.0,211,0,206.5,218,-,-,,一般,,
2023/07/20,RNF,202406  ,-,-,-,-,-,-,0.0,211,0,200.5,218.5,-,-,,一般,,
2023/07/21,RNF,202308  ,206.5,213.5,205,205.5,-3.5,-1.67%,47.0,205.5,203,205,206,226.5,191,,一般,,
2023/07/21,RNF,202309  ,-,-,-,-,-,-,0.0,206.5,4,205,206.5,210,208.5,,一般,,
2023/07/21,RNF,202312  ,-,-,-,-,-,-,0.0,206,0,199,212.5,-,-,,一般,,
2023/07/21,RNF,202403  ,-,-,-,-,-,-,0.0,206,0,199,213,-,-,,一般,,
2023/07/21,RNF,202406  ,-,-,-,-,-,-,0.0,206,0,199,213,-,-,,一般,,
2023/07/24,RNF,202308  ,203,208,201.5,204,-1.5,-0.73%,34.0,204,216,203.5,205,226.5,191,,一般,,
2023/07/24,RNF,202309  ,207,207,206,206,-0.5,-0.24%,5.0,205,6,203.5,206,210,206,,一般,,
2023/07/24,RNF,202312  ,-,-,-,-,-,-,0.0,204.5,0,203.5,211.5,-,-,,一般,,
2023/07/24,RNF,202403  ,-,-,-,-,-,-,0.0,204.5,0,197.5,211.5,-,-,,一般,,
2023/07/24,RNF,202406  ,-,-,-,-,-,-,0.0,204.5,0,197.5,211.5,-,-,,一般,,
2023/07/25,RNF,202308  ,204.5,209,204,208,4,1.96%,62.0,208,252,207.5,211,226.5,191,,一般,,
2023/07/25,RNF,202309  ,205,205,205,205,0,0.00%,4.0,207.5,8,207.5,212,210,205,,一般,,
2023/07/25,RNF,202312  ,-,-,-,-,-,-,0.0,208.5,0,207.5,217.5,-,-,,一般,,
2023/07/25,RNF,202403  ,-,-,-,-,-,-,0.0,208.5,0,207.5,217.5,-,-,,一般,,
2023/07/25,RNF,202406  ,-,-,-,-,-,-,0.0,208.5,0,201.5,217.5,-,-,,一般,,
2023/07/26,RNF,202308  ,208,208,201,201,-7,-3.37%,21.0,201,254,201,203,226.5,191,,一般,,
2023/07/26,RNF,202309  ,204,204.5,204,204.5,-3,-1.45%,2.0,202.5,9,201,204,210,204,,一般,,
2023/07/26,RNF,202312  ,-,-,-,-,-,-,0.0,201.5,0,197.5,209.5,-,-,,一般,,
2023/07/26,RNF,202403  ,-,-,-,-,-,-,0.0,201.5,0,196.5,209.5,-,-,,一般,,
2023/07/26,RNF,202406  ,-,-,-,-,-,-,0.0,201.5,0,195,209.5,-,-,,一般,,
2023/07/27,RNF,202308  ,202,202.5,200,200,-1,-0.50%,25.0,200,252,200,201,226.5,191,,一般,,
2023/07/27,RNF,202309  ,201,201,201,201,-1.5,-0.74%,1.0,201,10,200,201.5,210,201,,一般,,
2023/07/27,RNF,202312  ,-,-,-,-,-,-,0.0,200.5,0,199.5,207.5,-,-,,一般,,
2023/07/27,RNF,202403  ,-,-,-,-,-,-,0.0,200.5,0,199.5,207.5,-,-,,一般,,
2023/07/27,RNF,202406  ,-,-,-,-,-,-,0.0,200.5,0,199.5,207.5,-,-,,一般,,
2023/07/28,RNF,202308  ,199.5,199.5,195.5,196,-4,-2.00%,63.0,198,199,197,199,226.5,191,,一般,,
2023/07/28,RNF,202309  ,-,-,-,-,-,-,0.0,198.5,10,197,199.5,210,201,,一般,,
2023/07/28,RNF,202312  ,-,-,-,-,-,-,0.0,198.5,0,191,205,-,-,,一般,,
2023/07/28,RNF,202403  ,-,-,-,-,-,-,0.0,198.5,0,191.5,205.5,-,-,,一般,,
2023/07/28,RNF,202406  ,-,-,-,-,-,-,0.0,198.5,0,191.5,205.5,-,-,,一般,,
2023/07/31,RNF,202308  ,198.5,199.5,195,195,-3,-1.52%,31.0,195,184,195,195.5,226.5,191,,一般,,
2023/07/31,RNF,202309  ,198.5,198.5,195,195.5,-3,-1.51%,5.0,195.5,10,195,196,210,195,,一般,,
2023/07/31,RNF,202312  ,-,-,-,-,-,-,0.0,195.5,0,188.5,202,-,-,,一般,,
2023/07/31,RNF,202403  ,-,-,-,-,-,-,0.0,195.5,0,189,202,-,-,,一般,,
2023/07/31,RNF,202406  ,-,-,-,-,-,-,0.0,195.5,0,189,202,-,-,,一般,,
2023/07/03,RNF,202307/202308    ,0.45,0.45,0.45,0.45,-,-,5.0,-,-,0.08,0.48,0.45,0.01,,一般,1.0,
2023/07/04,RNF,202307/202308    ,-,-,-,-,-,-,0.0,-,-,0.06,0.45,0.45,0.01,,一般,6.0,
2023/07/05,RNF,202307/202308    ,0.45,0.45,0.45,0.45,-,-,5.0,-,-,0.09,0.48,0.45,0.01,,一般,0.0,
2023/07/06,RNF,202307/202308    ,0.45,0.45,-0.01,-0.01,-,-,4.0,-,-,0.01,0.48,0.45,-0.01,,一般,7.0,
2023/07/10,RNF,202307/202308    ,0.4,0.41,0.4,0.41,-,-,8.0,-,-,0.1,0.37,0.45,-0.01,,一般,0.0,
2023/07/11,RNF,202307/202308    ,0.36,0.41,0.36,0.41,-,-,55.0,-,-,0.36,0.4,0.45,-0.01,,一般,2.0,
2023/07/12,RNF,202307/202308    ,0.39,0.51,0.39,0.51,-,-,8.0,-,-,0.31,1.01,0.51,-0.01,,一般,6.0,
2023/07/13,RNF,202307/202308    ,0.96,0.99,0.96,0.99,-,-,6.0,-,-,0.51,1.01,0.99,-0.01,,一般,4.0,
2023/07/14,RNF,202307/202308    ,-,-,-,-,-,-,0.0,-,-,0.02,6,0.99,-0.01,,一般,5.0,
2023/07/17,RNF,202307/202308    ,0.01,0.01,0.01,0.01,-,-,3.0,-,-,0.01,7,0.99,-0.01,,一般,2.0,
2023/07/18,RNF,202307/202308    ,0,0.5,0,0.5,-,-,5.0,-,-,0,7,0.99,-0.01,,一般,11.0,
2023/07/19,RNF,202307/202308    ,0.5,0.5,0.1,0.1,-,-,10.0,-,-,-,-,0.99,-0.01,,一般,6.0,
2023/07/20,RNF,202308/202309    ,-,-,-,-,-,-,0.0,-,-,0.06,0.51,-,-,,一般,3.0,
2023/07/24,RNF,202308/202309    ,0.49,0.49,0.49,0.49,-,-,3.0,-,-,0.09,0.51,0.49,0.49,,一般,2.0,
2023/07/25,RNF,202308/202309    ,0.49,0.49,0.49,0.49,-,-,2.0,-,-,0.06,0.51,0.49,0.49,,一般,1.0,
2023/07/26,RNF,202308/202309    ,-,-,-,-,-,-,0.0,-,-,0.04,0.51,0.49,0.49,,一般,2.0,
2023/07/27,RNF,202308/202309    ,-,-,-,-,-,-,0.0,-,-,0.03,0.49,0.49,0.49,,一般,1.0,
2023/07/31,RNF,202308/202309    ,-,-,-,-,-,-,0.0,-,-,0.16,0.47,0.49,0.49,,一般,4.0,
2023/08/01,RNF,202308  ,198,199,194.5,195,0,0.00%,37.0,195,183,194,196.5,226.5,191,,一般,,
2023/08/01,RNF,202309  ,199,199,196.5,196.5,1,0.51%,22.0,196.5,29,194,197.5,210,195,,一般,,
2023/08/01,RNF,202312  ,-,-,-,-,-,-,0.0,195.5,0,187.5,203,-,-,,一般,,
2023/08/01,RNF,202403  ,-,-,-,-,-,-,0.0,195.5,0,188,203,-,-,,一般,,
2023/08/01,RNF,202406  ,-,-,-,-,-,-,0.0,195.5,0,188,203,-,-,,一般,,
2023/08/02,RNF,202308  ,193,193,188,189,-6,-3.08%,42.0,189,163,181,192,226.5,188,,一般,,
2023/08/02,RNF,202309  ,191,193,190.5,190.5,-6,-3.05%,22.0,190.5,36,181,193,210,190.5,,一般,,
2023/08/02,RNF,202312  ,-,-,-,-,-,-,0.0,189.5,0,-,198.5,-,-,,一般,,
2023/08/02,RNF,202403  ,-,-,-,-,-,-,0.0,189.5,0,-,198.5,-,-,,一般,,
2023/08/02,RNF,202406  ,-,-,-,-,-,-,0.0,189.5,0,-,198.5,-,-,,一般,,
2023/08/04,RNF,202308  ,190,193,187,192,3,1.59%,65.0,192,172,192,196.5,226.5,187,,一般,,
2023/08/04,RNF,202309  ,192.5,193,192,192,1.5,0.79%,26.0,192,51,192,197,210,190.5,,一般,,
2023/08/04,RNF,202312  ,-,-,-,-,-,-,0.0,192.5,0,186,202.5,-,-,,一般,,
2023/08/04,RNF,202403  ,-,-,-,-,-,-,0.0,192.5,0,186,202.5,-,-,,一般,,
2023/08/04,RNF,202406  ,-,-,-,-,-,-,0.0,192.5,0,186,202.5,-,-,,一般,,
2023/08/07,RNF,202308  ,192,192,188,188.5,-3.5,-1.82%,26.0,188.5,171,-,189,226.5,187,,一般,,
2023/08/07,RNF,202309  ,190,190,188,188.5,-3.5,-1.82%,19.0,188.5,60,-,189,210,188,,一般,,
2023/08/07,RNF,202312  ,-,-,-,-,-,-,0.0,189,0,-,205.5,-,-,,一般,,
2023/08/07,RNF,202403  ,-,-,-,-,-,-,0.0,189,0,-,205.5,-,-,,一般,,
2023/08/07,RNF,202406  ,-,-,-,-,-,-,0.0,189,0,-,205.5,-,-,,一般,,
2023/08/08,RNF,202308  ,190,190,184.5,184.5,-4,-2.12%,8.0,184.5,170,183,185,226.5,184.5,,一般,,
2023/08/08,RNF,202309  ,184.5,184.5,184.5,184.5,-4,-2.12%,2.0,184.5,62,183,185,210,184.5,,一般,,
2023/08/08,RNF,202312  ,-,-,-,-,-,-,0.0,185,0,177,192.5,-,-,,一般,,
2023/08/08,RNF,202403  ,-,-,-,-,-,-,0.0,185,0,177,192.5,-,-,,一般,,
2023/08/08,RNF,202406  ,-,-,-,-,-,-,0.0,185,0,177,192.5,-,-,,一般,,
2023/08/09,RNF,202308  ,181.5,186.5,181.5,186.5,2,1.08%,12.0,186.5,165,181,193.5,226.5,181.5,,一般,,
2023/08/09,RNF,202309  ,183,186.5,181.5,186.5,2,1.08%,11.0,186.5,68,181,194,210,181.5,,一般,,
2023/08/09,RNF,202312  ,-,-,-,-,-,-,0.0,187,0,175,199.5,-,-,,一般,,
2023/08/09,RNF,202403  ,-,-,-,-,-,-,0.0,187,0,175,199.5,-,-,,一般,,
2023/08/09,RNF,202406  ,-,-,-,-,-,-,0.0,187,0,175.5,199.5,-,-,,一般,,
2023/08/10,RNF,202308  ,186.5,187,183.5,184,-2.5,-1.34%,21.0,184,153,181.5,184,226.5,181.5,,一般,,
2023/08/10,RNF,202309  ,186.5,186.5,183.5,184,-2.5,-1.34%,9.0,184,71,181.5,184,210,181.5,,一般,,
2023/08/10,RNF,202312  ,-,-,-,-,-,-,0.0,184.5,0,175.5,201,-,-,,一般,,
2023/08/10,RNF,202403  ,-,-,-,-,-,-,0.0,184.5,0,175.5,201,-,-,,一般,,
2023/08/10,RNF,202406  ,-,-,-,-,-,-,0.0,184.5,0,175.5,201,-,-,,一般,,
2023/08/11,RNF,202308  ,184,186,184,185,1,0.54%,26.0,185,144,184,185.5,226.5,181.5,,一般,,
2023/08/11,RNF,202309  ,185,185,185,185,1,0.54%,20.0,185,83,184,186,210,181.5,,一般,,
2023/08/11,RNF,202312  ,-,-,-,-,-,-,0.0,185.5,0,179,191.5,-,-,,一般,,
2023/08/11,RNF,202403  ,-,-,-,-,-,-,0.0,185.5,0,178,191.5,-,-,,一般,,
2023/08/11,RNF,202406  ,-,-,-,-,-,-,0.0,185.5,0,178,191.5,-,-,,一般,,
2023/08/14,RNF,202308  ,181.5,181.5,169.5,176,-9,-4.86%,164.0,176,72,-,176,226.5,169.5,,一般,,
2023/08/14,RNF,202309  ,181.5,181.5,170,176,-9,-4.86%,87.0,176,89,-,176.5,210,170,,一般,,
2023/08/14,RNF,202312  ,-,-,-,-,-,-,0.0,176.5,0,-,182,-,-,,一般,,
2023/08/14,RNF,202403  ,-,-,-,-,-,-,0.0,176.5,0,-,182,-,-,,一般,,
2023/08/14,RNF,202406  ,-,-,-,-,-,-,0.0,176.5,0,-,182,-,-,,一般,,
2023/08/15,RNF,202308  ,180,183,180,180.5,4.5,2.56%,15.0,180.5,62,181,187,226.5,169.5,,一般,,
2023/08/15,RNF,202309  ,176,181.5,176,181.5,5.5,3.13%,9.0,181.5,88,181,193,210,170,,一般,,
2023/08/15,RNF,202312  ,-,-,-,-,-,-,0.0,181,0,175,193,-,-,,一般,,
2023/08/15,RNF,202403  ,-,-,-,-,-,-,0.0,181,0,175,193,-,-,,一般,,
2023/08/15,RNF,202406  ,-,-,-,-,-,-,0.0,181,0,175.5,193,-,-,,一般,,
2023/08/16,RNF,202308  ,183,188.5,183,187,6.5,3.60%,36.0,0,39,187,187.5,226.5,169.5,,一般,,
2023/08/16,RNF,202309  ,183.5,189.5,183,187.5,6,3.31%,42.0,187.5,115,187,187.5,210,170,,一般,,
2023/08/16,RNF,202312  ,-,-,-,-,-,-,0.0,187.5,0,181,193.5,-,-,,一般,,
2023/08/16,RNF,202403  ,-,-,-,-,-,-,0.0,187.5,0,181,193.5,-,-,,一般,,
2023/08/16,RNF,202406  ,-,-,-,-,-,-,0.0,187.5,0,181,193.5,-,-,,一般,,
2023/08/17,RNF,202309  ,186,189,184.5,186.5,-1,-0.53%,19.0,186.5,120,182.5,192,210,170,,一般,,
2023/08/17,RNF,202310  ,185.5,186.5,185.5,186.5,-0.5,-0.27%,2.0,186.5,2,182.5,192.5,186.5,185.5,,一般,,
2023/08/17,RNF,202312  ,-,-,-,-,-,-,0.0,186.5,0,176.5,198,-,-,,一般,,
2023/08/17,RNF,202403  ,-,-,-,-,-,-,0.0,186.5,0,176.5,198,-,-,,一般,,
2023/08/17,RNF,202406  ,-,-,-,-,-,-,0.0,186.5,0,176.5,198,-,-,,一般,,
2023/08/18,RNF,202309  ,187,188.5,184,184,-2.5,-1.34%,14.0,184,121,-,184.5,210,170,,一般,,
2023/08/18,RNF,202310  ,-,-,-,-,-,-,0.0,184,2,-,184.5,186.5,185.5,,一般,,
2023/08/18,RNF,202312  ,-,-,-,-,-,-,0.0,184,0,-,193,-,-,,一般,,
2023/08/18,RNF,202403  ,-,-,-,-,-,-,0.0,184,0,-,193.5,-,-,,一般,,
2023/08/18,RNF,202406  ,-,-,-,-,-,-,0.0,184,0,-,193.5,-,-,,一般,,
2023/08/21,RNF,202309  ,189.5,189.5,186.5,187.5,3.5,1.90%,8.0,187.5,119,186.5,188.5,210,170,,一般,,
2023/08/21,RNF,202310  ,188,188,188,188,4,2.17%,2.0,188,4,186.5,188.5,188,185.5,,一般,,
2023/08/21,RNF,202312  ,-,-,-,-,-,-,0.0,187.5,0,180.5,195.5,-,-,,一般,,
2023/08/21,RNF,202403  ,-,-,-,-,-,-,0.0,187.5,0,180.5,195.5,-,-,,一般,,
2023/08/21,RNF,202406  ,-,-,-,-,-,-,0.0,187.5,0,180.5,195.5,-,-,,一般,,
2023/08/22,RNF,202309  ,187.5,187.5,183,183,-4.5,-2.40%,9.0,183,117,180.5,182.5,210,170,,一般,,
2023/08/22,RNF,202310  ,-,-,-,-,-,-,0.0,183.5,4,180.5,183,188,185.5,,一般,,
2023/08/22,RNF,202312  ,-,-,-,-,-,-,0.0,183,0,174.5,189,-,-,,一般,,
2023/08/22,RNF,202403  ,-,-,-,-,-,-,0.0,183,0,174.5,189,-,-,,一般,,
2023/08/22,RNF,202406  ,-,-,-,-,-,-,0.0,183,0,174.5,189,-,-,,一般,,
2023/08/23,RNF,202309  ,183,184,182.5,182.5,-0.5,-0.27%,23.0,182.5,133,182,182.5,210,170,,一般,,
2023/08/23,RNF,202310  ,184,184,182.5,182.5,-1,-0.54%,6.0,182.5,10,182,182.5,188,182.5,,一般,,
2023/08/23,RNF,202312  ,-,-,-,-,-,-,0.0,182.5,0,176,-,-,-,,一般,,
2023/08/23,RNF,202403  ,-,-,-,-,-,-,0.0,182.5,0,176,-,-,-,,一般,,
2023/08/23,RNF,202406  ,-,-,-,-,-,-,0.0,182.5,0,176,-,-,-,,一般,,
2023/08/24,RNF,202309  ,182.5,183.5,181,181,-1.5,-0.82%,20.0,181,136,176.5,190.5,210,170,,一般,,
2023/08/24,RNF,202310  ,183,183,183,183,0.5,0.27%,4.0,183,14,176.5,191,188,182.5,,一般,,
2023/08/24,RNF,202312  ,-,-,-,-,-,-,0.0,181,0,170.5,196.5,-,-,,一般,,
2023/08/24,RNF,202403  ,-,-,-,-,-,-,0.0,181,0,170.5,196.5,-,-,,一般,,
2023/08/24,RNF,202406  ,-,-,-,-,-,-,0.0,181,0,170.5,196.5,-,-,,一般,,
2023/08/25,RNF,202309  ,181,183,180.5,182,1,0.55%,18.0,182,138,-,182.5,210,170,,一般,,
2023/08/25,RNF,202310  ,182.5,183,182.5,183,0,0.00%,2.0,182.5,16,-,182.5,188,182.5,,一般,,
2023/08/25,RNF,202312  ,-,-,-,-,-,-,0.0,182,0,-,-,-,-,,一般,,
2023/08/25,RNF,202403  ,-,-,-,-,-,-,0.0,182,0,-,-,-,-,,一般,,
2023/08/25,RNF,202406  ,-,-,-,-,-,-,0.0,182,0,-,-,-,-,,一般,,
2023/08/28,RNF,202309  ,183.5,186,182,182,0,0.00%,40.0,182,122,173,185.5,210,170,,一般,,
2023/08/28,RNF,202310  ,185,186,185,186,3.5,1.92%,31.0,182.5,28,173,185.5,188,182.5,,一般,,
2023/08/28,RNF,202312  ,-,-,-,-,-,-,0.0,182,0,167,-,-,-,,一般,,
2023/08/28,RNF,202403  ,-,-,-,-,-,-,0.0,182,0,167,-,-,-,,一般,,
2023/08/28,RNF,202406  ,-,-,-,-,-,-,0.0,182,0,167,-,-,-,,一般,,
2023/08/29,RNF,202309  ,188,188,185.5,188,6,3.30%,9.0,188,124,187,195,210,170,,一般,,
2023/08/29,RNF,202310  ,188,188,188,188,5.5,3.01%,5.0,188,33,187,195.5,188,182.5,,一般,,
2023/08/29,RNF,202312  ,-,-,-,-,-,-,0.0,188,0,181,-,-,-,,一般,,
2023/08/29,RNF,202403  ,-,-,-,-,-,-,0.0,188,0,181,-,-,-,,一般,,
2023/08/29,RNF,202406  ,-,-,-,-,-,-,0.0,188,0,181,-,-,-,,一般,,
2023/08/30,RNF,202309  ,189,199,189,198,10,5.32%,71.0,198,158,198.5,201.5,210,170,,一般,,
2023/08/30,RNF,202310  ,198.5,198.5,198.5,198.5,10.5,5.59%,1.0,198.5,33,198.5,202,198.5,182.5,,一般,,
2023/08/30,RNF,202312  ,-,-,-,-,-,-,0.0,198,0,194,-,-,-,,一般,,
2023/08/30,RNF,202403  ,-,-,-,-,-,-,0.0,198,0,192,-,-,-,,一般,,
2023/08/30,RNF,202406  ,-,-,-,-,-,-,0.0,198,0,192.5,-,-,-,,一般,,
2023/08/31,RNF,202309  ,202.5,203,198,198,0,0.00%,61.0,198,177,198.5,199.5,210,170,,一般,,
2023/08/31,RNF,202310  ,-,-,-,-,-,-,0.0,198.5,33,198.5,200,198.5,182.5,,一般,,
2023/08/31,RNF,202312  ,-,-,-,-,-,-,0.0,198,0,192,206,-,-,,一般,,
2023/08/31,RNF,202403  ,-,-,-,-,-,-,0.0,198,0,192,206,-,-,,一般,,
2023/08/31,RNF,202406  ,-,-,-,-,-,-,0.0,198,0,192,206.5,-,-,,一般,,
2023/08/01,RNF,202308/202309    ,0.47,0.49,0.45,0.45,-,-,16.0,-,-,0.14,0.51,0.49,0.45,,一般,5.0,
2023/08/02,RNF,202308/202309    ,0.43,0.45,0.43,0.43,-,-,12.0,-,-,0.07,0.51,0.49,0.43,,一般,9.0,
2023/08/04,RNF,202308/202309    ,0.05,0.33,0.02,0.33,-,-,20.0,-,-,0.06,0.32,0.49,0.02,,一般,6.0,
2023/08/07,RNF,202308/202309    ,0.28,0.36,0.06,0.06,-,-,12.0,-,-,0.07,0.28,0.49,0.02,,一般,7.0,
2023/08/08,RNF,202308/202309    ,-,-,-,-,-,-,0.0,-,-,0.07,0.29,0.49,0.02,,一般,2.0,
2023/08/09,RNF,202308/202309    ,-,-,-,-,-,-,0.0,-,-,0.11,0.47,0.49,0.02,,一般,7.0,
2023/08/10,RNF,202308/202309    ,0.47,0.47,0.47,0.47,-,-,4.0,-,-,0.05,0.45,0.49,0.02,,一般,4.0,
2023/08/11,RNF,202308/202309    ,0.05,0.06,-0.01,-0.01,-,-,19.0,-,-,-0.01,0.42,0.49,-0.01,,一般,0.0,
2023/08/14,RNF,202308/202309    ,0.34,0.35,0.04,0.1,-,-,46.0,-,-,0.1,0.11,0.49,-0.01,,一般,36.0,
2023/08/15,RNF,202308/202309    ,-,-,-,-,-,-,0.0,-,-,0.02,6,0.49,-0.01,,一般,2.0,
2023/08/16,RNF,202308/202309    ,0.03,0.05,0.02,0.05,-,-,5.0,-,-,-,-,0.49,-0.01,,一般,2.0,
2023/08/17,RNF,202309/202310    ,-,-,-,-,-,-,0.0,-,-,0.02,0.44,-,-,,一般,2.0,
2023/08/21,RNF,202309/202310    ,-,-,-,-,-,-,0.0,-,-,0.03,0.43,-,-,,一般,2.0,
2023/08/23,RNF,202309/202310    ,-,-,-,-,-,-,0.0,-,-,0.03,0.23,-,-,,一般,6.0,
2023/08/24,RNF,202309/202310    ,-,-,-,-,-,-,0.0,-,-,0.02,0.21,-,-,,一般,4.0,
2023/08/25,RNF,202309/202310    ,-,-,-,-,-,-,0.0,-,-,0.02,0.17,-,-,,一般,2.0,
2023/08/28,RNF,202309/202310    ,0.17,0.18,0.17,0.18,-,-,23.0,-,-,0.03,0.45,0.18,0.17,,一般,8.0,
2023/08/29,RNF,202309/202310    ,-,-,-,-,-,-,0.0,-,-,0.01,0.2,0.18,0.17,,一般,5.0,
2023/08/30,RNF,202309/202310    ,-,-,-,-,-,-,0.0,-,-,0.01,0.2,0.18,0.17,,一般,1.0,
2023/09/01,RNF,202309  ,200,200,195,195,-3,-1.52%,39.0,195,194,194.5,195,210,170,,一般,,
2023/09/01,RNF,202310  ,195,195,195,195,-3.5,-1.76%,1.0,195,34,194.5,195.5,198.5,182.5,,一般,,
2023/09/01,RNF,202312  ,-,-,-,-,-,-,0.0,195,0,188,201.5,-,-,,一般,,
2023/09/01,RNF,202403  ,-,-,-,-,-,-,0.0,195,0,188,201.5,-,-,,一般,,
2023/09/01,RNF,202406  ,-,-,-,-,-,-,0.0,195,0,188,201.5,-,-,,一般,,
2023/09/04,RNF,202309  ,195,195,194,195,0,0.00%,13.0,195,200,195,198.5,210,170,,一般,,
2023/09/04,RNF,202310  ,195.5,195.5,194,195,0,0.00%,6.0,195,40,195,199,198.5,182.5,,一般,,
2023/09/04,RNF,202312  ,-,-,-,-,-,-,0.0,195,0,188.5,205,-,-,,一般,,
2023/09/04,RNF,202403  ,-,-,-,-,-,-,0.0,195,0,188.5,205,-,-,,一般,,
2023/09/04,RNF,202406  ,-,-,-,-,-,-,0.0,195,0,188.5,205,-,-,,一般,,
2023/09/05,RNF,202309  ,195.5,195.5,176,182.5,-12.5,-6.41%,139.0,182.5,185,182.5,183.5,210,170,,一般,,
2023/09/05,RNF,202310  ,194.5,194.5,176.5,182.5,-12.5,-6.41%,10.0,182.5,45,182.5,184,198.5,176.5,,一般,,
2023/09/05,RNF,202312  ,183.5,183.5,183.5,183.5,-11.5,-5.90%,1.0,183.5,1,176,190,183.5,183.5,,一般,,
2023/09/05,RNF,202403  ,-,-,-,-,-,-,0.0,182.5,0,176,190,-,-,,一般,,
2023/09/05,RNF,202406  ,-,-,-,-,-,-,0.0,182.5,0,176.5,190,-,-,,一般,,
2023/09/06,RNF,202309  ,183,183,178.5,179,-3.5,-1.92%,33.0,179,178,179,184,210,170,,一般,,
2023/09/06,RNF,202310  ,181.5,181.5,181.5,181.5,-1,-0.55%,1.0,181.5,45,179,184.5,198.5,176.5,,一般,,
2023/09/06,RNF,202312  ,-,-,-,-,-,-,0.0,180,1,173,190,183.5,183.5,,一般,,
2023/09/06,RNF,202403  ,-,-,-,-,-,-,0.0,179,0,173,190,-,-,,一般,,
2023/09/06,RNF,202406  ,-,-,-,-,-,-,0.0,179,0,173,190,-,-,,一般,,
2023/09/07,RNF,202309  ,178.5,179.5,177.5,177.5,-1.5,-0.84%,27.0,177.5,171,177.5,180.5,210,170,,一般,,
2023/09/07,RNF,202310  ,178.5,178.5,178.5,178.5,-3,-1.65%,8.0,178.5,47,177.5,181,198.5,176.5,,一般,,
2023/09/07,RNF,202312  ,-,-,-,-,-,-,0.0,178.5,1,171.5,186.5,183.5,183.5,,一般,,
2023/09/07,RNF,202403  ,-,-,-,-,-,-,0.0,177.5,0,171.5,186.5,-,-,,一般,,
2023/09/07,RNF,202406  ,-,-,-,-,-,-,0.0,177.5,0,171.5,186.5,-,-,,一般,,
2023/09/08,RNF,202309  ,177.5,179,176,178.5,1,0.56%,18.0,178.5,164,178.5,181,210,170,,一般,,
2023/09/08,RNF,202310  ,177.5,177.5,177.5,177.5,-1,-0.56%,8.0,179.5,49,178.5,181.5,198.5,176.5,,一般,,
2023/09/08,RNF,202312  ,-,-,-,-,-,-,0.0,179.5,1,172.5,187,183.5,183.5,,一般,,
2023/09/08,RNF,202403  ,-,-,-,-,-,-,0.0,178.5,0,172.5,187,-,-,,一般,,
2023/09/08,RNF,202406  ,-,-,-,-,-,-,0.0,178.5,0,172.5,187,-,-,,一般,,
2023/09/11,RNF,202309  ,180,184.5,179,179,0.5,0.28%,57.0,179,171,179,182,210,170,,一般,,
2023/09/11,RNF,202310  ,179.5,-,-,179.5,0,0.00%,18.0,180,61,179,182,198.5,176.5,,一般,,
2023/09/11,RNF,202312  ,-,-,-,-,-,-,0.0,180,1,173,188,183.5,183.5,,一般,,
2023/09/11,RNF,202403  ,-,-,-,-,-,-,0.0,179,0,173,188,-,-,,一般,,
2023/09/11,RNF,202406  ,-,-,-,-,-,-,0.0,179,0,173,188,-,-,,一般,,
2023/09/12,RNF,202309  ,179,180.5,179,180,1,0.56%,35.0,180,157,180.5,183,210,170,,一般,,
2023/09/12,RNF,202310  ,179,180.5,179,180,0,0.00%,39.0,180,83,180.5,183.5,198.5,176.5,,一般,,
2023/09/12,RNF,202312  ,-,-,-,-,-,-,0.0,181,1,174.5,189,183.5,183.5,,一般,,
2023/09/12,RNF,202403  ,-,-,-,-,-,-,0.0,180,0,174.5,189,-,-,,一般,,
2023/09/12,RNF,202406  ,-,-,-,-,-,-,0.0,180,0,174.5,189,-,-,,一般,,
2023/09/13,RNF,202309  ,181.5,181.5,180,180,0,0.00%,14.0,180,155,180,184.5,210,170,,一般,,
2023/09/13,RNF,202310  ,181.5,181.5,180,180,0,0.00%,14.0,180,94,180,184.5,198.5,176.5,,一般,,
2023/09/13,RNF,202312  ,-,-,-,-,-,-,0.0,181,1,174,190.5,183.5,183.5,,一般,,
2023/09/13,RNF,202403  ,-,-,-,-,-,-,0.0,180,0,174,190.5,-,-,,一般,,
2023/09/13,RNF,202406  ,-,-,-,-,-,-,0.0,180,0,174,190.5,-,-,,一般,,
2023/09/14,RNF,202309  ,182,183.5,181.5,183.5,3.5,1.94%,58.0,183.5,143,183,188,210,170,,一般,,
2023/09/14,RNF,202310  ,180,-,-,180,0,0.00%,49.0,183.5,138,183,188,198.5,176.5,,一般,,
2023/09/14,RNF,202312  ,-,-,-,-,-,-,0.0,184.5,1,177,195.5,183.5,183.5,,一般,,
2023/09/14,RNF,202403  ,-,-,-,-,-,-,0.0,183.5,0,177,195.5,-,-,,一般,,
2023/09/14,RNF,202406  ,-,-,-,-,-,-,0.0,183.5,0,177,195.5,-,-,,一般,,
2023/09/15,RNF,202309  ,186,187.5,185.5,186.5,3,1.63%,46.0,186.5,134,186.5,189,210,170,,一般,,
2023/09/15,RNF,202310  ,186,187.5,186,187.5,4,2.18%,34.0,187.5,151,187,190,198.5,176.5,,一般,,
2023/09/15,RNF,202312  ,-,-,-,-,-,-,0.0,187.5,1,180.5,195.5,183.5,183.5,,一般,,
2023/09/15,RNF,202403  ,-,-,-,-,-,-,0.0,186.5,0,180.5,195.5,-,-,,一般,,
2023/09/15,RNF,202406  ,-,-,-,-,-,-,0.0,186.5,0,180.5,195.5,-,-,,一般,,
2023/09/18,RNF,202309  ,188,188.5,186,187,0.5,0.27%,39.0,187,108,185,187,210,170,,一般,,
2023/09/18,RNF,202310  ,188.5,188.5,186,187,-0.5,-0.27%,36.0,187,158,186,187,198.5,176.5,,一般,,
2023/09/18,RNF,202312  ,-,-,-,-,-,-,0.0,188,1,174.5,196,183.5,183.5,,一般,,
2023/09/18,RNF,202403  ,-,-,-,-,-,-,0.0,187,0,174.5,196,-,-,,一般,,
2023/09/18,RNF,202406  ,-,-,-,-,-,-,0.0,187,0,174.5,196,-,-,,一般,,
2023/09/19,RNF,202309  ,186,186,180.5,180.5,-6.5,-3.48%,68.0,180.5,69,179.5,182,210,170,,一般,,
2023/09/19,RNF,202310  ,185.5,185.5,181,181,-6,-3.21%,42.0,181,190,180.5,182,198.5,176.5,,一般,,
2023/09/19,RNF,202312  ,-,-,-,-,-,-,0.0,181.5,1,-,188,183.5,183.5,,一般,,
2023/09/19,RNF,202403  ,-,-,-,-,-,-,0.0,180.5,0,-,188,-,-,,一般,,
2023/09/19,RNF,202406  ,-,-,-,-,-,-,0.0,180.5,0,-,188,-,-,,一般,,
2023/09/20,RNF,202309  ,180,182,180,180,-0.5,-0.28%,62.0,0,20,180,180.5,210,170,,一般,,
2023/09/20,RNF,202310  ,180,182,180,180,-1,-0.55%,57.0,180,240,180,185,198.5,176.5,,一般,,
2023/09/20,RNF,202312  ,-,-,-,-,-,-,0.0,181,1,174,191,183.5,183.5,,一般,,
2023/09/20,RNF,202403  ,-,-,-,-,-,-,0.0,180,0,174,191,-,-,,一般,,
2023/09/20,RNF,202406  ,-,-,-,-,-,-,0.0,180,0,174,191,-,-,,一般,,
2023/09/21,RNF,202310  ,179,179,177,177.5,-2.5,-1.39%,11.0,177.5,246,177,181.5,198.5,176.5,,一般,,
2023/09/21,RNF,202311  ,178.5,178.5,178,178,-1.5,-0.84%,2.0,178,1,177,181.5,178.5,178,,一般,,
2023/09/21,RNF,202312  ,-,-,-,-,-,-,0.0,178.5,1,171,193,183.5,183.5,,一般,,
2023/09/21,RNF,202403  ,-,-,-,-,-,-,0.0,177.5,0,171,193,-,-,,一般,,
2023/09/21,RNF,202406  ,-,-,-,-,-,-,0.0,177.5,0,171,193,-,-,,一般,,
2023/09/22,RNF,202310  ,174,176.5,174,176.5,-1,-0.56%,60.0,176.5,212,176,177.5,198.5,174,,一般,,
2023/09/22,RNF,202311  ,178,-,-,178,0,0.00%,43.0,177,34,176.5,178,178.5,178,,一般,,
2023/09/22,RNF,202312  ,-,-,-,-,-,-,0.0,177.5,1,170.5,183.5,183.5,183.5,,一般,,
2023/09/22,RNF,202403  ,-,-,-,-,-,-,0.0,176.5,0,170.5,183.5,-,-,,一般,,
2023/09/22,RNF,202406  ,-,-,-,-,-,-,0.0,176.5,0,170,183.5,-,-,,一般,,
2023/09/25,RNF,202310  ,177.5,182,177.5,179.5,3,1.70%,60.0,179.5,205,179.5,181.5,198.5,174,,一般,,
2023/09/25,RNF,202311  ,177,-,-,177,0,0.00%,32.0,180,52,179.5,182,178.5,178,,一般,,
2023/09/25,RNF,202312  ,-,-,-,-,-,-,0.0,180.5,1,173.5,187.5,183.5,183.5,,一般,,
2023/09/25,RNF,202403  ,-,-,-,-,-,-,0.0,179.5,0,173.5,187.5,-,-,,一般,,
2023/09/25,RNF,202406  ,-,-,-,-,-,-,0.0,179.5,0,181,187.5,-,-,,一般,,
2023/09/26,RNF,202310  ,178,178,173.5,173.5,-6,-3.34%,19.0,173.5,204,173,174,198.5,173.5,,一般,,
2023/09/26,RNF,202311  ,178,178,178,178,-2,-1.11%,6.0,173.5,52,173,174,178.5,178,,一般,,
2023/09/26,RNF,202312  ,-,-,-,-,-,-,0.0,174.5,1,167,184.5,183.5,183.5,,一般,,
2023/09/26,RNF,202403  ,-,-,-,-,-,-,0.0,173.5,0,167.5,184.5,-,-,,一般,,
2023/09/26,RNF,202406  ,179,179,179,179,-0.5,-0.28%,1.0,173.5,1,172,184.5,179,179,,一般,,
2023/09/27,RNF,202310  ,174.5,177,174.5,177,3.5,2.02%,7.0,177,204,177,181,198.5,173.5,,一般,,
2023/09/27,RNF,202311  ,175,175,175,175,1.5,0.86%,1.0,177,52,177,181.5,178.5,175,,一般,,
2023/09/27,RNF,202312  ,-,-,-,-,-,-,0.0,178,1,171.5,187,183.5,183.5,,一般,,
2023/09/27,RNF,202403  ,-,-,-,-,-,-,0.0,177,0,171.5,187,-,-,,一般,,
2023/09/27,RNF,202406  ,-,-,-,-,-,-,0.0,177,1,176,187,179,179,,一般,,
2023/09/28,RNF,202310  ,175,178.5,173,175.5,-1.5,-0.85%,32.0,175.5,225,175,176.5,198.5,173,,一般,,
2023/09/28,RNF,202311  ,173,177.5,173,177,0,0.00%,8.0,176,59,175,176.5,178.5,173,,一般,,
2023/09/28,RNF,202312  ,-,-,-,-,-,-,0.0,176.5,1,169.5,184,183.5,183.5,,一般,,
2023/09/28,RNF,202403  ,-,-,-,-,-,-,0.0,175.5,0,169.5,184,-,-,,一般,,
2023/09/28,RNF,202406  ,-,-,-,-,-,-,0.0,175.5,1,174,184,179,179,,一般,,
2023/09/01,RNF,202309/202310    ,-,-,-,-,-,-,0.0,-,-,0.01,0.18,0.18,0.17,,一般,1.0,
2023/09/04,RNF,202309/202310    ,-,-,-,-,-,-,0.0,-,-,0.01,0.17,0.18,0.17,,一般,4.0,
2023/09/05,RNF,202309/202310    ,-,-,-,-,-,-,0.0,-,-,0.01,0.16,0.18,0.17,,一般,6.0,
2023/09/06,RNF,202309/202310    ,-,-,-,-,-,-,0.0,-,-,0.01,0.16,0.18,0.17,,一般,1.0,
2023/09/07,RNF,202309/202310    ,0.16,0.16,0.16,0.16,-,-,6.0,-,-,0.01,0.35,0.18,0.16,,一般,2.0,
2023/09/08,RNF,202309/202310    ,0.15,0.15,0.15,0.15,-,-,6.0,-,-,0.01,0.15,0.18,0.15,,一般,2.0,
2023/09/11,RNF,202309/202310    ,0.14,0.16,0.14,0.16,-,-,18.0,-,-,0.17,0.2,0.18,0.14,,一般,0.0,
2023/09/12,RNF,202309/202310    ,0.35,0.39,0.22,0.25,-,-,19.0,-,-,0.22,0.23,0.39,0.14,,一般,15.0,
2023/09/13,RNF,202309/202310    ,0.25,0.35,0.25,0.35,-,-,6.0,-,-,0.32,0.4,0.39,0.14,,一般,3.0,
2023/09/14,RNF,202309/202310    ,0.35,0.51,0.34,0.51,-,-,49.0,-,-,0.07,0.51,0.51,0.14,,一般,0.0,
2023/09/15,RNF,202309/202310    ,0.02,0.51,0.02,0.51,-,-,11.0,-,-,0.08,0.51,0.51,0.02,,一般,10.0,
2023/09/18,RNF,202309/202310    ,0.51,0.51,0.26,0.34,-,-,25.0,-,-,0.33,0.51,0.51,0.02,,一般,9.0,
2023/09/19,RNF,202309/202310    ,0.51,0.51,0.03,0.51,-,-,19.0,-,-,0.03,0.51,0.51,0.02,,一般,4.0,
2023/09/20,RNF,202309/202310    ,0.45,0.53,0.45,0.51,-,-,34.0,-,-,-,-,0.53,0.02,,一般,9.0,
2023/09/21,RNF,202310/202311    ,-,-,-,-,-,-,0.0,-,-,0.05,0.37,-,-,,一般,2.0,
2023/09/22,RNF,202310/202311    ,0.35,0.37,0.35,0.37,-,-,43.0,-,-,0.05,0.36,0.37,0.35,,一般,0.0,
2023/09/25,RNF,202310/202311    ,0.34,0.38,0.34,0.38,-,-,32.0,-,-,0.37,0.43,0.38,0.34,,一般,0.0,
2023/09/26,RNF,202310/202311    ,0.36,0.36,0.36,0.36,-,-,5.0,-,-,0.05,0.35,0.38,0.34,,一般,1.0,
2023/09/27,RNF,202310/202311    ,-,-,-,-,-,-,0.0,-,-,0.08,0.36,0.38,0.34,,一般,1.0,
2023/09/28,RNF,202310/202311    ,-,-,-,-,-,-,0.0,-,-,0.07,0.36,0.38,0.34,,一般,8.0,
2023/10/02,RNF,202310  ,175,177.5,174.5,176.5,1,0.57%,11.0,176.5,231,172,180,198.5,173,,一般,,
2023/10/02,RNF,202311  ,175,177.5,175,176.5,0.5,0.28%,5.0,176.5,64,172,180.5,178.5,173,,一般,,
2023/10/02,RNF,202312  ,-,-,-,-,-,-,0.0,177.5,1,166.5,186,183.5,183.5,,一般,,
2023/10/02,RNF,202403  ,-,-,-,-,-,-,0.0,176.5,0,166.5,186,-,-,,一般,,
2023/10/02,RNF,202406  ,-,-,-,-,-,-,0.0,176.5,1,171,186,179,179,,一般,,
2023/10/03,RNF,202310  ,175.5,175.5,173,173,-3.5,-1.98%,40.0,173,217,172,173,198.5,173,,一般,,
2023/10/03,RNF,202311  ,173.5,173.5,173,173,-3.5,-1.98%,31.0,173,80,172,173,178.5,173,,一般,,
2023/10/03,RNF,202312  ,-,-,-,-,-,-,0.0,174,1,166,180.5,183.5,183.5,,一般,,
2023/10/03,RNF,202403  ,-,-,-,-,-,-,0.0,173,0,166,180.5,-,-,,一般,,
2023/10/03,RNF,202406  ,-,-,-,-,-,-,0.0,173,1,171,180.5,179,179,,一般,,
2023/10/04,RNF,202310  ,170,170,167.5,168.5,-4.5,-2.60%,24.0,168.5,209,168,173.5,198.5,167.5,,一般,,
2023/10/04,RNF,202311  ,167.5,167.5,167.5,167.5,-5.5,-3.18%,15.0,167.5,86,168,174,178.5,167.5,,一般,,
2023/10/04,RNF,202312  ,-,-,-,-,-,-,0.0,169.5,1,162.5,179,183.5,183.5,,一般,,
2023/10/04,RNF,202403  ,-,-,-,-,-,-,0.0,168.5,0,162.5,179,-,-,,一般,,
2023/10/04,RNF,202406  ,-,-,-,-,-,-,0.0,168.5,1,167,179,179,179,,一般,,
2023/10/05,RNF,202310  ,171,174,171,174,5.5,3.26%,35.0,174,205,173,175.5,198.5,167.5,,一般,,
2023/10/05,RNF,202311  ,172.5,173,172.5,173,5.5,3.28%,22.0,173,100,173,175.5,178.5,167.5,,一般,,
2023/10/05,RNF,202312  ,-,-,-,-,-,-,0.0,175,1,167.5,-,183.5,183.5,,一般,,
2023/10/05,RNF,202403  ,-,-,-,-,-,-,0.0,174,0,167.5,-,-,-,,一般,,
2023/10/05,RNF,202406  ,-,-,-,-,-,-,0.0,174,1,172,-,179,179,,一般,,
2023/10/06,RNF,202310  ,176,179.5,176,176.5,2.5,1.44%,19.0,176.5,200,176.5,179,198.5,167.5,,一般,,
2023/10/06,RNF,202311  ,177.5,177.5,177.5,177.5,4.5,2.60%,6.0,177.5,106,176.5,179.5,178.5,167.5,,一般,,
2023/10/06,RNF,202312  ,-,-,-,-,-,-,0.0,177.5,1,170.5,185,183.5,183.5,,一般,,
2023/10/06,RNF,202403  ,-,-,-,-,-,-,0.0,176.5,0,170.5,185,-,-,,一般,,
2023/10/06,RNF,202406  ,-,-,-,-,-,-,0.0,176.5,1,175.5,185,179,179,,一般,,
2023/10/11,RNF,202310  ,174,178.5,173,176,-0.5,-0.28%,55.0,176,174,175,179,198.5,167.5,,一般,,
2023/10/11,RNF,202311  ,175,178.5,173.5,176,-1.5,-0.85%,60.0,176,148,175,179.5,178.5,167.5,,一般,,
2023/10/11,RNF,202312  ,-,-,-,-,-,-,0.0,177,1,169.5,185,183.5,183.5,,一般,,
2023/10/11,RNF,202403  ,-,-,-,-,-,-,0.0,176,0,169.5,185,-,-,,一般,,
2023/10/11,RNF,202406  ,-,-,-,-,-,-,0.0,176,1,174,185,179,179,,一般,,
2023/10/12,RNF,202310  ,176.5,176.5,175.5,176,0,0.00%,5.0,176,174,161,181.5,198.5,167.5,,一般,,
2023/10/12,RNF,202311  ,176.5,177,175.5,176,0,0.00%,10.0,176,148,161.5,181.5,178.5,167.5,,一般,,
2023/10/12,RNF,202312  ,-,-,-,-,-,-,0.0,177,1,-,189,183.5,183.5,,一般,,
2023/10/12,RNF,202403  ,-,-,-,-,-,-,0.0,176,0,-,189,-,-,,一般,,
2023/10/12,RNF,202406  ,-,-,-,-,-,-,0.0,176,1,160,189,179,179,,一般,,
2023/10/13,RNF,202310  ,174.5,174.5,173,173,-3,-1.70%,20.0,173,158,162.5,174.5,198.5,167.5,,一般,,
2023/10/13,RNF,202311  ,173.5,173.5,173.5,173.5,-2.5,-1.42%,17.0,173.5,148,162.5,174.5,178.5,167.5,,一般,,
2023/10/13,RNF,202312  ,-,-,-,-,-,-,0.0,174,1,-,182.5,183.5,183.5,,一般,,
2023/10/13,RNF,202403  ,-,-,-,-,-,-,0.0,173,0,-,182.5,-,-,,一般,,
2023/10/13,RNF,202406  ,-,-,-,-,-,-,0.0,173,1,-,182.5,179,179,,一般,,
2023/10/16,RNF,202310  ,175,182,175,181.5,8.5,4.91%,80.0,181.5,110,182,183,198.5,167.5,,一般,,
2023/10/16,RNF,202311  ,176.5,183,176.5,183,9.5,5.48%,78.0,183,207,182.5,183.5,183,167.5,,一般,,
2023/10/16,RNF,202312  ,-,-,-,-,-,-,0.0,182.5,1,176,189,183.5,183.5,,一般,,
2023/10/16,RNF,202403  ,-,-,-,-,-,-,0.0,181.5,0,176,189,-,-,,一般,,
2023/10/16,RNF,202406  ,-,-,-,-,-,-,0.0,181.5,1,175.5,189,179,179,,一般,,
2023/10/17,RNF,202310  ,181,182,180,180,-1.5,-0.83%,32.0,180,79,180,182,198.5,167.5,,一般,,
2023/10/17,RNF,202311  ,181,181,180,180.5,-2.5,-1.37%,36.0,180.5,235,180,182.5,183,167.5,,一般,,
2023/10/17,RNF,202312  ,-,-,-,-,-,-,0.0,181,1,174,188,183.5,183.5,,一般,,
2023/10/17,RNF,202403  ,-,-,-,-,-,-,0.0,180,0,174,188,-,-,,一般,,
2023/10/17,RNF,202406  ,-,-,-,-,-,-,0.0,180,1,174,188,179,179,,一般,,
2023/10/18,RNF,202310  ,178.5,181,176,176,-4,-2.22%,35.0,0,48,176,176.5,198.5,167.5,,一般,,
2023/10/18,RNF,202311  ,178.5,181.5,175,175,-5.5,-3.05%,44.0,175,277,-,175.5,183,167.5,,一般,,
2023/10/18,RNF,202312  ,-,-,-,-,-,-,0.0,175.5,1,-,181.5,183.5,183.5,,一般,,
2023/10/18,RNF,202403  ,-,-,-,-,-,-,0.0,174.5,0,-,181.5,-,-,,一般,,
2023/10/18,RNF,202406  ,-,-,-,-,-,-,0.0,174.5,1,-,181.5,179,179,,一般,,
2023/10/19,RNF,202311  ,181,192.5,181,191,16,9.14%,265.0,191,350,190.5,192.5,192.5,167.5,,一般,,
2023/10/19,RNF,202312  ,188,193,188,193,17.5,9.97%,57.0,192,37,190.5,193,193,183.5,,一般,,
2023/10/19,RNF,202403  ,-,-,-,-,-,-,0.0,190.5,0,184.5,-,-,-,,一般,,
2023/10/19,RNF,202406  ,-,-,-,-,-,-,0.0,190.5,1,184.5,-,179,179,,一般,,
2023/10/19,RNF,202409  ,-,-,-,-,-,-,0.0,189.5,0,184.5,-,-,-,,一般,,
2023/10/20,RNF,202311  ,191,193.5,183,184,-7,-3.66%,227.0,184,304,184,186,193.5,167.5,,一般,,
2023/10/20,RNF,202312  ,192.5,192.5,186.5,186.5,-5.5,-2.86%,42.0,185.5,50,184,186.5,193,183.5,,一般,,
2023/10/20,RNF,202403  ,-,-,-,-,-,-,0.0,183.5,0,177.5,192.5,-,-,,一般,,
2023/10/20,RNF,202406  ,-,-,-,-,-,-,0.0,183.5,1,183,192.5,179,179,,一般,,
2023/10/20,RNF,202409  ,-,-,-,-,-,-,0.0,182.5,0,178,192.5,-,-,,一般,,
2023/10/23,RNF,202311  ,182.5,194,182.5,190,6,3.26%,119.0,190,334,189.5,192,194,167.5,,一般,,
2023/10/23,RNF,202312  ,185.5,185.5,185.5,185.5,0,0.00%,1.0,189.5,51,189.5,192.5,193,183.5,,一般,,
2023/10/23,RNF,202403  ,-,-,-,-,-,-,0.0,189.5,0,183,198.5,-,-,,一般,,
2023/10/23,RNF,202406  ,-,-,-,-,-,-,0.0,189.5,1,188.5,198.5,179,179,,一般,,
2023/10/23,RNF,202409  ,-,-,-,-,-,-,0.0,188.5,0,183.5,198.5,-,-,,一般,,
2023/10/24,RNF,202311  ,190,198,187.5,190,0,0.00%,131.0,190,389,190,190.5,198,167.5,,一般,,
2023/10/24,RNF,202312  ,191,191,188,188,-1.5,-0.79%,3.0,190,51,190,191,193,183.5,,一般,,
2023/10/24,RNF,202403  ,-,-,-,-,-,-,0.0,189.5,0,183.5,197,-,-,,一般,,
2023/10/24,RNF,202406  ,-,-,-,-,-,-,0.0,189.5,1,184,197,179,179,,一般,,
2023/10/24,RNF,202409  ,-,-,-,-,-,-,0.0,188.5,0,184,197,-,-,,一般,,
2023/10/25,RNF,202311  ,191,197.5,191,195.5,5.5,2.89%,109.0,195.5,422,195.5,196.5,198,167.5,,一般,,
2023/10/25,RNF,202312  ,196.5,197.5,196,196,6,3.16%,7.0,196,56,195.5,197,197.5,183.5,,一般,,
2023/10/25,RNF,202403  ,-,-,-,-,-,-,0.0,195,0,189,203,-,-,,一般,,
2023/10/25,RNF,202406  ,-,-,-,-,-,-,0.0,195,1,194.5,203,179,179,,一般,,
2023/10/25,RNF,202409  ,-,-,-,-,-,-,0.0,194,0,189,203,-,-,,一般,,
2023/10/26,RNF,202311  ,198,199.5,193.5,197,1.5,0.77%,144.0,197,447,197,199,199.5,167.5,,一般,,
2023/10/26,RNF,202312  ,198.5,198.5,198.5,198.5,2.5,1.28%,2.0,198.5,58,197,199.5,198.5,183.5,,一般,,
2023/10/26,RNF,202403  ,-,-,-,-,-,-,0.0,196.5,0,190.5,205.5,-,-,,一般,,
2023/10/26,RNF,202406  ,-,-,-,-,-,-,0.0,196.5,1,196,202,179,179,,一般,,
2023/10/26,RNF,202409  ,-,-,-,-,-,-,0.0,195.5,0,190.5,205.5,-,-,,一般,,
2023/10/27,RNF,202311  ,198,206,195,204.5,7.5,3.81%,248.0,204.5,554,204.5,205,206,167.5,,一般,,
2023/10/27,RNF,202312  ,-,-,-,-,-,-,0.0,205,58,204.5,205.5,198.5,183.5,,一般,,
2023/10/27,RNF,202403  ,-,-,-,-,-,-,0.0,204,0,198,211.5,-,-,,一般,,
2023/10/27,RNF,202406  ,204,204,204,204,7.5,3.82%,1.0,204,0,198,211.5,204,179,,一般,,
2023/10/27,RNF,202409  ,-,-,-,-,-,-,0.0,203,0,198,211.5,-,-,,一般,,
2023/10/30,RNF,202311  ,202,203,197.5,198.5,-6,-2.93%,125.0,198.5,570,198.5,199.5,206,167.5,,一般,,
2023/10/30,RNF,202312  ,202,202.5,202,202.5,-2.5,-1.22%,3.0,199.5,60,198.5,200,202.5,183.5,,一般,,
2023/10/30,RNF,202403  ,-,-,-,-,-,-,0.0,198,0,192,206,-,-,,一般,,
2023/10/30,RNF,202406  ,-,-,-,-,-,-,0.0,198,0,192,206,204,179,,一般,,
2023/10/30,RNF,202409  ,-,-,-,-,-,-,0.0,197,0,192,206.5,-,-,,一般,,
2023/10/31,RNF,202311  ,200,204,195,196,-2.5,-1.26%,96.0,196,559,196,197,206,167.5,,一般,,
2023/10/31,RNF,202312  ,202,202,197,197,-2.5,-1.25%,3.0,197,61,196,197.5,202.5,183.5,,一般,,
2023/10/31,RNF,202403  ,-,-,-,-,-,-,0.0,195.5,0,189.5,203.5,-,-,,一般,,
2023/10/31,RNF,202406  ,-,-,-,-,-,-,0.0,195.5,0,189.5,203.5,204,179,,一般,,
2023/10/31,RNF,202409  ,-,-,-,-,-,-,0.0,194.5,0,189.5,203.5,-,-,,一般,,
2023/10/02,RNF,202310/202311    ,-,-,-,-,-,-,0.0,-,-,0.35,0.36,0.38,0.34,,一般,5.0,
2023/10/03,RNF,202310/202311    ,0.36,0.45,0.36,0.44,-,-,28.0,-,-,0.44,0.45,0.45,0.34,,一般,1.0,
2023/10/04,RNF,202310/202311    ,0.41,0.41,0.12,0.12,-,-,14.0,-,-,0.12,0.42,0.45,0.12,,一般,1.0,
2023/10/05,RNF,202310/202311    ,0.42,0.42,0.29,0.29,-,-,13.0,-,-,0.29,0.47,0.45,0.12,,一般,9.0,
2023/10/06,RNF,202310/202311    ,0.1,0.1,0.1,0.1,-,-,1.0,-,-,0.1,0.38,0.45,0.1,,一般,0.0,
2023/10/11,RNF,202310/202311    ,0.08,0.39,0.08,0.13,-,-,41.0,-,-,0.13,0.33,0.45,0.08,,一般,4.0,
2023/10/12,RNF,202310/202311    ,-,-,-,-,-,-,0.0,-,-,0.11,0.41,0.45,0.08,,一般,5.0,
2023/10/13,RNF,202310/202311    ,0.31,0.32,0.31,0.32,-,-,16.0,-,-,0.18,0.31,0.45,0.08,,一般,1.0,
2023/10/16,RNF,202310/202311    ,0.3,0.35,0.17,0.21,-,-,23.0,-,-,0.18,0.26,0.45,0.08,,一般,16.0,
2023/10/17,RNF,202310/202311    ,0.27,0.27,0.2,0.2,-,-,22.0,-,-,0.15,0.49,0.45,0.08,,一般,5.0,
2023/10/18,RNF,202310/202311    ,0.49,0.49,0.11,0.12,-,-,19.0,-,-,-,-,0.49,0.08,,一般,10.0,
2023/10/19,RNF,202311/202312    ,0.31,0.38,0.31,0.37,-,-,42.0,-,-,0.32,0.33,0.38,0.31,,一般,12.0,
2023/10/20,RNF,202311/202312    ,0.35,0.35,0.29,0.29,-,-,40.0,-,-,0.15,0.26,0.38,0.29,,一般,2.0,
2023/10/23,RNF,202311/202312    ,-,-,-,-,-,-,0.0,-,-,0.11,0.26,0.38,0.29,,一般,1.0,
2023/10/24,RNF,202311/202312    ,-,-,-,-,-,-,0.0,-,-,0.08,0.26,0.38,0.29,,一般,2.0,
2023/10/25,RNF,202311/202312    ,-,-,-,-,-,-,0.0,-,-,0.11,0.24,0.38,0.29,,一般,7.0,
2023/10/26,RNF,202311/202312    ,-,-,-,-,-,-,0.0,-,-,0.13,0.24,0.38,0.29,,一般,2.0,
2023/10/27,RNF,202311/202406    ,-,-,-,-,-,-,0.0,-,-,-6.3,6.4,-,-,,一般,1.0,
2023/10/30,RNF,202311/202312    ,-,-,-,-,-,-,0.0,-,-,0.12,0.25,0.38,0.29,,一般,2.0,
2023/10/31,RNF,202311/202312    ,-,-,-,-,-,-,0.0,-,-,0.12,0.21,0.38,0.29,,一般,3.0,
2023/11/01,RNF,202311  ,196.5,201,195,195.5,-0.5,-0.26%,34.0,195.5,563,195.5,198,206,167.5,,一般,,
2023/11/01,RNF,202312  ,197,201,195,195,-2,-1.02%,7.0,195,66,195.5,198.5,202.5,183.5,,一般,,
2023/11/01,RNF,202403  ,-,-,-,-,-,-,0.0,195,0,189,204.5,-,-,,一般,,
2023/11/01,RNF,202406  ,-,-,-,-,-,-,0.0,195,0,189,204.5,204,179,,一般,,
2023/11/01,RNF,202409  ,-,-,-,-,-,-,0.0,194,0,189,204.5,-,-,,一般,,
2023/11/02,RNF,202311  ,195,195,192,192,-3.5,-1.79%,69.0,192,554,192,192.5,206,167.5,,一般,,
2023/11/02,RNF,202312  ,195,195,192.5,193,-2,-1.03%,14.0,193,72,192,192.5,202.5,183.5,,一般,,
2023/11/02,RNF,202403  ,-,-,-,-,-,-,0.0,191.5,0,185.5,199,-,-,,一般,,
2023/11/02,RNF,202406  ,-,-,-,-,-,-,0.0,191.5,0,185.5,199,204,179,,一般,,
2023/11/02,RNF,202409  ,-,-,-,-,-,-,0.0,190.5,0,185.5,199,-,-,,一般,,
2023/11/03,RNF,202311  ,193.5,197.5,193,193.5,1.5,0.78%,32.0,193.5,547,193,193.5,206,167.5,,一般,,
2023/11/03,RNF,202312  ,194,194,193.5,193.5,0.5,0.26%,5.0,193.5,75,193,193.5,202.5,183.5,,一般,,
2023/11/03,RNF,202403  ,-,-,-,-,-,-,0.0,193,0,186.5,200,-,-,,一般,,
2023/11/03,RNF,202406  ,-,-,-,-,-,-,0.0,193,0,186.5,200,204,179,,一般,,
2023/11/03,RNF,202409  ,-,-,-,-,-,-,0.0,192,0,186.5,200,-,-,,一般,,
2023/11/06,RNF,202311  ,194,199.5,191.5,199.5,6,3.10%,97.0,199.5,512,199,202,206,167.5,,一般,,
2023/11/06,RNF,202312  ,194,198.5,194,198.5,5,2.58%,57.0,198.5,92,199,202.5,202.5,183.5,,一般,,
2023/11/06,RNF,202403  ,-,-,-,-,-,-,0.0,199,0,192.5,208.5,-,-,,一般,,
2023/11/06,RNF,202406  ,-,-,-,-,-,-,0.0,199,0,192.5,208.5,204,179,,一般,,
2023/11/06,RNF,202409  ,-,-,-,-,-,-,0.0,198,0,192.5,208.5,-,-,,一般,,
2023/11/07,RNF,202311  ,206,219,205.5,219,19.5,9.77%,311.0,219,422,219,-,219,167.5,,一般,,
2023/11/07,RNF,202312  ,215.5,218,215.5,218,19.5,9.82%,145.0,218,186,218,-,218,183.5,,一般,,
2023/11/07,RNF,202403  ,199,-,-,199,0,0.00%,3.0,218.5,3,218.5,-,-,-,,一般,,
2023/11/07,RNF,202406  ,-,-,-,-,-,-,0.0,218.5,0,212,-,204,179,,一般,,
2023/11/07,RNF,202409  ,-,-,-,-,-,-,0.0,217.5,0,212,-,-,-,,一般,,
2023/11/08,RNF,202311  ,225,237.5,215.5,228,9,4.11%,973.0,228,545,228,228.5,237.5,167.5,,一般,,
2023/11/08,RNF,202312  ,227,237.5,217.5,227.5,9.5,4.36%,136.0,227.5,253,228,229,237.5,183.5,,一般,,
2023/11/08,RNF,202403  ,-,-,-,-,-,-,0.0,227.5,3,228,230,-,-,,一般,,
2023/11/08,RNF,202406  ,-,-,-,-,-,-,0.0,227.5,0,221,236,204,179,,一般,,
2023/11/08,RNF,202409  ,-,-,-,-,-,-,0.0,226.5,0,221,236,-,-,,一般,,
2023/11/09,RNF,202311  ,227,234.5,224,231.5,3.5,1.54%,522.0,231.5,536,231,232.5,237.5,167.5,,一般,,
2023/11/09,RNF,202312  ,228,234.5,224.5,231.5,4,1.76%,91.0,231.5,281,231.5,232.5,237.5,183.5,,一般,,
2023/11/09,RNF,202403  ,-,-,-,-,-,-,0.0,231,3,223.5,240,-,-,,一般,,
2023/11/09,RNF,202406  ,-,-,-,-,-,-,0.0,231,0,223.5,240,204,179,,一般,,
2023/11/09,RNF,202409  ,-,-,-,-,-,-,0.0,230,0,223.5,240,-,-,,一般,,
2023/11/10,RNF,202311  ,254.5,254.5,217,221.5,-10,-4.32%,3419.0,221.5,526,221.5,222,254.5,167.5,,一般,,
2023/11/10,RNF,202312  ,254.5,254.5,218,222,-9.5,-4.10%,812.0,222,243,221.5,222.5,254.5,183.5,,一般,,
2023/11/10,RNF,202403  ,254,254,254,254,23,9.96%,1.0,222,4,213.5,230,254,254,,一般,,
2023/11/10,RNF,202406  ,238,238,238,238,7,3.03%,2.0,221,1,220,230,238,179,,一般,,
2023/11/10,RNF,202409  ,-,-,-,-,-,-,0.0,220,0,213,230,-,-,,一般,,
2023/11/13,RNF,202311  ,224,226.5,211.5,218.5,-3,-1.35%,874.0,218.5,344,218.5,219,254.5,167.5,,一般,,
2023/11/13,RNF,202312  ,222,226,212.5,218.5,-3.5,-1.58%,216.0,218.5,292,218.5,219,254.5,183.5,,一般,,
2023/11/13,RNF,202403  ,223,224,223,224,2,0.90%,3.0,219,4,211,227,254,223,,一般,,
2023/11/13,RNF,202406  ,-,-,-,-,-,-,0.0,218,1,217.5,227,238,179,,一般,,
2023/11/13,RNF,202409  ,-,-,-,-,-,-,0.0,217,0,211,227,-,-,,一般,,
2023/11/14,RNF,202311  ,217.5,217.5,209,212,-6.5,-2.97%,432.0,212,238,211.5,212.5,254.5,167.5,,一般,,
2023/11/14,RNF,202312  ,216,217,209,212.5,-6,-2.75%,344.0,212.5,423,212,213,254.5,183.5,,一般,,
2023/11/14,RNF,202403  ,-,-,-,-,-,-,0.0,212.5,4,204.5,219.5,254,223,,一般,,
2023/11/14,RNF,202406  ,-,-,-,-,-,-,0.0,211.5,1,210.5,219.5,238,179,,一般,,
2023/11/14,RNF,202409  ,-,-,-,-,-,-,0.0,210.5,0,204.5,219.5,-,-,,一般,,
2023/11/15,RNF,202311  ,215,217,213,214.5,2.5,1.18%,208.0,0,104,214.5,215,254.5,167.5,,一般,,
2023/11/15,RNF,202312  ,215.5,217.5,214,214.5,2,0.94%,245.0,214.5,555,214.5,216,254.5,183.5,,一般,,
2023/11/15,RNF,202403  ,-,-,-,-,-,-,0.0,215,4,207.5,223,254,223,,一般,,
2023/11/15,RNF,202406  ,-,-,-,-,-,-,0.0,214,1,213,223,238,179,,一般,,
2023/11/15,RNF,202409  ,-,-,-,-,-,-,0.0,213,0,207.5,223,-,-,,一般,,
2023/11/16,RNF,202312  ,216.5,222,212,212.5,-2,-0.93%,247.0,212.5,599,212.5,213.5,254.5,183.5,,一般,,
2023/11/16,RNF,202401  ,222,222,218,218,3.5,1.63%,23.0,213.5,20,212.5,214,222,218,,一般,,
2023/11/16,RNF,202403  ,-,-,-,-,-,-,0.0,213,4,211.5,220.5,254,223,,一般,,
2023/11/16,RNF,202406  ,-,-,-,-,-,-,0.0,212,1,211,220.5,238,179,,一般,,
2023/11/16,RNF,202409  ,-,-,-,-,-,-,0.0,211,0,205.5,220.5,-,-,,一般,,
2023/11/17,RNF,202312  ,212.5,212.5,206,207,-5.5,-2.59%,323.0,207,546,206.5,207.5,254.5,183.5,,一般,,
2023/11/17,RNF,202401  ,-,-,-,-,-,-,0.0,208,20,206.5,208,222,218,,一般,,
2023/11/17,RNF,202403  ,-,-,-,-,-,-,0.0,207.5,4,205.5,214.5,254,223,,一般,,
2023/11/17,RNF,202406  ,-,-,-,-,-,-,0.0,206.5,1,205,214.5,238,179,,一般,,
2023/11/17,RNF,202409  ,-,-,-,-,-,-,0.0,205.5,0,199.5,214.5,-,-,,一般,,
2023/11/20,RNF,202312  ,208,210,206,206.5,-0.5,-0.24%,58.0,207,558,206,207.5,254.5,183.5,,一般,,
2023/11/20,RNF,202401  ,-,-,-,-,-,-,0.0,208,20,206,208,222,218,,一般,,
2023/11/20,RNF,202403  ,-,-,-,-,-,-,0.0,207.5,4,205,214.5,254,223,,一般,,
2023/11/20,RNF,202406  ,-,-,-,-,-,-,0.0,206.5,1,205,214.5,238,179,,一般,,
2023/11/20,RNF,202409  ,-,-,-,-,-,-,0.0,205.5,0,199,214.5,-,-,,一般,,
2023/11/21,RNF,202312  ,206,208.5,202.5,206,-1,-0.48%,156.0,206,538,205,207,254.5,183.5,,一般,,
2023/11/21,RNF,202401  ,207,207.5,207,207.5,-0.5,-0.24%,10.0,207.5,20,205,207.5,222,207,,一般,,
2023/11/21,RNF,202403  ,-,-,-,-,-,-,0.0,206.5,4,204,214,254,223,,一般,,
2023/11/21,RNF,202406  ,-,-,-,-,-,-,0.0,205.5,1,204,214,238,179,,一般,,
2023/11/21,RNF,202409  ,-,-,-,-,-,-,0.0,204.5,0,198.5,214,-,-,,一般,,
2023/11/22,RNF,202312  ,209,211,204.5,204.5,-1.5,-0.73%,148.0,204.5,536,204.5,205.5,254.5,183.5,,一般,,
2023/11/22,RNF,202401  ,209.5,209.5,207.5,207.5,0,0.00%,11.0,205.5,23,204.5,206,222,207,,一般,,
2023/11/22,RNF,202403  ,-,-,-,-,-,-,0.0,205,4,203.5,212.5,254,223,,一般,,
2023/11/22,RNF,202406  ,-,-,-,-,-,-,0.0,204,1,203.5,212.5,238,179,,一般,,
2023/11/22,RNF,202409  ,-,-,-,-,-,-,0.0,203,0,197.5,212.5,-,-,,一般,,
2023/11/23,RNF,202312  ,205.5,208.5,204,204.5,0,0.00%,89.0,204.5,560,204,206,254.5,183.5,,一般,,
2023/11/23,RNF,202401  ,207,207,205,205.5,0,0.00%,3.0,205.5,25,204,206.5,222,205,,一般,,
2023/11/23,RNF,202403  ,-,-,-,-,-,-,0.0,205,4,203,213,254,223,,一般,,
2023/11/23,RNF,202406  ,-,-,-,-,-,-,0.0,204,1,203,213,238,179,,一般,,
2023/11/23,RNF,202409  ,-,-,-,-,-,-,0.0,203,0,197,213,-,-,,一般,,
2023/11/24,RNF,202312  ,205,207,202,206,1.5,0.73%,43.0,206,543,205,207,254.5,183.5,,一般,,
2023/11/24,RNF,202401  ,205.5,-,-,205.5,0,0.00%,4.0,207,29,205.5,207.5,222,205,,一般,,
2023/11/24,RNF,202403  ,-,-,-,-,-,-,0.0,206.5,4,204,214,254,223,,一般,,
2023/11/24,RNF,202406  ,-,-,-,-,-,-,0.0,205.5,1,204,214,238,179,,一般,,
2023/11/24,RNF,202409  ,-,-,-,-,-,-,0.0,204.5,0,198,214,-,-,,一般,,
2023/11/27,RNF,202312  ,206,211.5,205,205,-1,-0.49%,111.0,205,552,204.5,205,254.5,183.5,,一般,,
2023/11/27,RNF,202401  ,211.5,211.5,211.5,211.5,4.5,2.17%,10.0,205,39,204.5,205.5,222,205,,一般,,
2023/11/27,RNF,202403  ,-,-,-,-,-,-,0.0,205.5,4,203.5,212,254,223,,一般,,
2023/11/27,RNF,202406  ,-,-,-,-,-,-,0.0,204.5,1,203.5,212,238,179,,一般,,
2023/11/27,RNF,202409  ,-,-,-,-,-,-,0.0,203.5,0,198,212,-,-,,一般,,
2023/11/28,RNF,202312  ,205,206.5,204,204.5,-0.5,-0.24%,31.0,204.5,552,204.5,205,254.5,183.5,,一般,,
2023/11/28,RNF,202401  ,205,-,-,205,0,0.00%,6.0,204.5,45,204.5,205,222,205,,一般,,
2023/11/28,RNF,202403  ,-,-,-,-,-,-,0.0,205,4,203.5,213.5,254,223,,一般,,
2023/11/28,RNF,202406  ,-,-,-,-,-,-,0.0,204,1,203.5,213.5,238,179,,一般,,
2023/11/28,RNF,202409  ,-,-,-,-,-,-,0.0,203,0,197.5,213.5,-,-,,一般,,
2023/11/29,RNF,202312  ,205,209,204,209,4.5,2.20%,49.0,209,552,209,209.5,254.5,183.5,,一般,,
2023/11/29,RNF,202401  ,209,209.5,209,209,4.5,2.20%,13.0,209,48,209,210,222,205,,一般,,
2023/11/29,RNF,202403  ,-,-,-,-,-,-,0.0,209.5,4,208,216.5,254,223,,一般,,
2023/11/29,RNF,202406  ,-,-,-,-,-,-,0.0,208.5,1,208,216.5,238,179,,一般,,
2023/11/29,RNF,202409  ,-,-,-,-,-,-,0.0,207.5,0,202,216.5,-,-,,一般,,
2023/11/30,RNF,202312  ,209,209,206,206,-3,-1.44%,33.0,206,558,206,206.5,254.5,183.5,,一般,,
2023/11/30,RNF,202401  ,206.5,206.5,206,206,-3,-1.44%,2.0,206,50,206,207,222,205,,一般,,
2023/11/30,RNF,202403  ,-,-,-,-,-,-,0.0,206.5,4,205,209.5,254,223,,一般,,
2023/11/30,RNF,202406  ,-,-,-,-,-,-,0.0,205.5,1,205,213.5,238,179,,一般,,
2023/11/30,RNF,202409  ,-,-,-,-,-,-,0.0,204.5,0,199,213.5,-,-,,一般,,
2023/11/01,RNF,202311/202312    ,-,-,-,-,-,-,0.0,-,-,0.12,0.2,0.38,0.29,,一般,5.0,
2023/11/02,RNF,202311/202312    ,0.2,0.2,0.2,0.2,-,-,5.0,-,-,0.12,0.13,0.38,0.2,,一般,8.0,
2023/11/03,RNF,202311/202312    ,0.11,0.11,0.11,0.11,-,-,2.0,-,-,0.1,0.11,0.38,0.11,,一般,2.0,
2023/11/06,RNF,202311/202312    ,0.11,0.15,0.1,0.15,-,-,44.0,-,-,0.14,0.19,0.38,0.1,,一般,9.0,
2023/11/07,RNF,202311/202312    ,0.15,0.29,0.15,0.22,-,-,136.0,-,-,0.15,0.24,0.38,0.1,,一般,9.0,
2023/11/07,RNF,202311/202403    ,-0.51,-0.51,-0.51,-0.51,-,-,3.0,-,-,-0.99,-0.51,-0.51,-0.51,,一般,0.0,
2023/11/08,RNF,202311/202312    ,0.2,0.2,0.2,0.2,-,-,3.0,-,-,0.2,0.21,0.38,0.1,,一般,99.0,
2023/11/09,RNF,202311/202312    ,0.21,0.21,0.21,0.21,-,-,3.0,-,-,0.19,0.2,0.38,0.1,,一般,62.0,
2023/11/10,RNF,202311/202312    ,0.12,0.12,-0.01,0.07,-,-,138.0,-,-,0.05,0.06,0.38,-0.01,,一般,367.0,
2023/11/10,RNF,202311/202406    ,0,0,0,0,-,-,1.0,-,-,-1.01,8,0,0,,一般,1.0,
2023/11/13,RNF,202311/202312    ,0.07,0.16,0,0.16,-,-,88.0,-,-,0.15,0.16,0.38,-0.01,,一般,82.0,
2023/11/13,RNF,202311/202403    ,-,-,-,-,-,-,0.0,-,-,-7.2,7.2,-0.51,-0.51,,一般,3.0,
2023/11/14,RNF,202311/202312    ,0.15,0.22,0.12,0.2,-,-,167.0,-,-,0.19,0.2,0.38,-0.01,,一般,92.0,
2023/11/15,RNF,202311/202312    ,0.21,0.58,0.04,0.57,-,-,78.0,-,-,-,-,0.58,-0.01,,一般,31.0,
2023/11/16,RNF,202312/202401    ,0.21,0.24,0.21,0.24,-,-,20.0,-,-,0.26,0.27,0.24,0.21,,一般,3.0,
2023/11/21,RNF,202312/202401    ,-,-,-,-,-,-,0.0,-,-,0.24,0.25,0.24,0.21,,一般,10.0,
2023/11/22,RNF,202312/202401    ,0.24,0.24,0.24,0.24,-,-,8.0,-,-,0.21,0.22,0.24,0.21,,一般,3.0,
2023/11/23,RNF,202312/202401    ,-,-,-,-,-,-,0.0,-,-,0.21,0.22,0.24,0.21,,一般,2.0,
2023/11/24,RNF,202312/202401    ,0.21,0.21,0.21,0.21,-,-,4.0,-,-,0.21,0.22,0.24,0.21,,一般,0.0,
2023/11/27,RNF,202312/202401    ,0.21,0.21,0.21,0.21,-,-,9.0,-,-,0.03,0.2,0.24,0.21,,一般,1.0,
2023/11/28,RNF,202312/202401    ,0.21,0.21,0.21,0.21,-,-,6.0,-,-,0.21,0.22,0.24,0.21,,一般,0.0,
2023/11/29,RNF,202312/202401    ,0.15,0.15,0.15,0.15,-,-,10.0,-,-,0.14,0.15,0.24,0.15,,一般,2.0,
2023/11/30,RNF,202312/202401    ,-,-,-,-,-,-,0.0,-,-,0.14,0.15,0.24,0.15,,一般,1.0,
2023/12/01,RNF,202312  ,206,209,205.5,205.5,-0.5,-0.24%,87.0,205.5,567,205,206.5,254.5,183.5,,一般,,
2023/12/01,RNF,202401  ,207.5,209.5,205.5,205.5,-0.5,-0.24%,14.0,205.5,64,205.5,207,222,205,,一般,,
2023/12/01,RNF,202403  ,-,-,-,-,-,-,0.0,206,4,204,213.5,254,223,,一般,,
2023/12/01,RNF,202406  ,-,-,-,-,-,-,0.0,205,1,204,213.5,238,179,,一般,,
2023/12/01,RNF,202409  ,-,-,-,-,-,-,0.0,204,0,198,213.5,-,-,,一般,,
2023/12/04,RNF,202312  ,206,209,205,206,0.5,0.24%,41.0,206,584,205.5,207,254.5,183.5,,一般,,
2023/12/04,RNF,202401  ,208,208,206,206,0.5,0.24%,5.0,206,69,205.5,207.5,222,205,,一般,,
2023/12/04,RNF,202403  ,-,-,-,-,-,-,0.0,206.5,4,204.5,214,254,223,,一般,,
2023/12/04,RNF,202406  ,-,-,-,-,-,-,0.0,205.5,1,204.5,214,238,179,,一般,,
2023/12/04,RNF,202409  ,-,-,-,-,-,-,0.0,204.5,0,198.5,214,-,-,,一般,,
2023/12/05,RNF,202312  ,205.5,205.5,198,198,-8,-3.88%,108.0,198,514,195.5,198,254.5,183.5,,一般,,
2023/12/05,RNF,202401  ,203,203,198.5,198.5,-7.5,-3.64%,13.0,198.5,71,195.5,198.5,222,198.5,,一般,,
2023/12/05,RNF,202403  ,-,-,-,-,-,-,0.0,198.5,4,194.5,204.5,254,223,,一般,,
2023/12/05,RNF,202406  ,202,202,202,202,-3.5,-1.70%,1.0,199.5,2,194.5,204.5,238,179,,一般,,
2023/12/05,RNF,202409  ,-,-,-,-,-,-,0.0,196.5,0,189,204.5,-,-,,一般,,
2023/12/06,RNF,202312  ,198,198,193,197,-1,-0.51%,127.0,197,459,196.5,198,254.5,183.5,,一般,,
2023/12/06,RNF,202401  ,198,198,193.5,196.5,-2,-1.01%,11.0,196.5,76,196.5,198.5,222,193.5,,一般,,
2023/12/06,RNF,202403  ,-,-,-,-,-,-,0.0,197.5,4,195.5,204.5,254,223,,一般,,
2023/12/06,RNF,202406  ,-,-,-,-,-,-,0.0,198.5,2,195.5,204.5,238,179,,一般,,
2023/12/06,RNF,202409  ,-,-,-,-,-,-,0.0,197.5,0,190,204.5,-,-,,一般,,
2023/12/07,RNF,202312  ,197.5,198,195,195,-2,-1.02%,35.0,195,471,193,195,254.5,183.5,,一般,,
2023/12/07,RNF,202401  ,198,198,196,196,-0.5,-0.25%,5.0,194.5,81,193,195.5,222,193.5,,一般,,
2023/12/07,RNF,202403  ,-,-,-,-,-,-,0.0,195.5,4,192,201.5,254,223,,一般,,
2023/12/07,RNF,202406  ,-,-,-,-,-,-,0.0,196.5,2,192,201.5,238,179,,一般,,
2023/12/07,RNF,202409  ,-,-,-,-,-,-,0.0,195.5,0,186.5,201.5,-,-,,一般,,
2023/12/08,RNF,202312  ,195,195,193,193,-2,-1.03%,21.0,193,457,192.5,194.5,254.5,183.5,,一般,,
2023/12/08,RNF,202401  ,194,194.5,193.5,193.5,-1,-0.51%,3.0,193.5,82,193,195,222,193.5,,一般,,
2023/12/08,RNF,202403  ,-,-,-,-,-,-,0.0,193.5,4,191.5,201,254,223,,一般,,
2023/12/08,RNF,202406  ,-,-,-,-,-,-,0.0,194.5,2,191.5,201,238,179,,一般,,
2023/12/08,RNF,202409  ,-,-,-,-,-,-,0.0,193.5,0,186,201,-,-,,一般,,
2023/12/11,RNF,202312  ,193.5,193.5,191,191,-2,-1.04%,43.0,191,442,190.5,191.5,254.5,183.5,,一般,,
2023/12/11,RNF,202401  ,193.5,193.5,191.5,191.5,-2,-1.03%,31.0,191.5,99,190.5,192,222,191.5,,一般,,
2023/12/11,RNF,202403  ,-,-,-,-,-,-,0.0,191.5,4,189.5,198,254,223,,一般,,
2023/12/11,RNF,202406  ,-,-,-,-,-,-,0.0,192.5,2,189.5,198,238,179,,一般,,
2023/12/11,RNF,202409  ,-,-,-,-,-,-,0.0,191.5,0,184,198,-,-,,一般,,
2023/12/12,RNF,202312  ,193,196.5,193,195,4,2.09%,48.0,195.5,426,195,196,254.5,183.5,,一般,,
2023/12/12,RNF,202401  ,196,196,196,196,4.5,2.35%,22.0,196,109,195,196.5,222,191.5,,一般,,
2023/12/12,RNF,202403  ,-,-,-,-,-,-,0.0,196,4,194,202.5,254,223,,一般,,
2023/12/12,RNF,202406  ,-,-,-,-,-,-,0.0,197,2,194,202.5,238,179,,一般,,
2023/12/12,RNF,202409  ,-,-,-,-,-,-,0.0,196,0,191.5,202.5,-,-,,一般,,
2023/12/13,RNF,202312  ,194,194,190.5,190.5,-5,-2.56%,13.0,190.5,417,191,192.5,254.5,183.5,,一般,,
2023/12/13,RNF,202401  ,194,194,191,191,-5,-2.55%,5.0,191,109,191,192.5,222,191,,一般,,
2023/12/13,RNF,202403  ,-,-,-,-,-,-,0.0,191,4,190,201.5,254,223,,一般,,
2023/12/13,RNF,202406  ,-,-,-,-,-,-,0.0,192,2,190,201.5,238,179,,一般,,
2023/12/13,RNF,202409  ,-,-,-,-,-,-,0.0,191,0,184.5,201.5,-,-,,一般,,
2023/12/14,RNF,202312  ,193,196.5,193,193.5,3,1.57%,104.0,193.5,395,193,195.5,254.5,183.5,,一般,,
2023/12/14,RNF,202401  ,196,196,192.5,192.5,1.5,0.79%,80.0,192.5,161,192.5,195.5,222,191,,一般,,
2023/12/14,RNF,202403  ,-,-,-,-,-,-,0.0,194,4,192,202,254,223,,一般,,
2023/12/14,RNF,202406  ,-,-,-,-,-,-,0.0,194.5,2,186.5,202,238,179,,一般,,
2023/12/14,RNF,202409  ,-,-,-,-,-,-,0.0,194,0,186.5,202,-,-,,一般,,
2023/12/15,RNF,202312  ,193,199.5,192.5,197,3.5,1.81%,115.0,197,352,197.5,199.5,254.5,183.5,,一般,,
2023/12/15,RNF,202401  ,193,199,193,199,6.5,3.38%,79.0,198,188,197,198.5,222,191,,一般,,
2023/12/15,RNF,202403  ,-,-,-,-,-,-,0.0,197.5,4,196.5,206,254,223,,一般,,
2023/12/15,RNF,202406  ,-,-,-,-,-,-,0.0,198,2,191,206,238,179,,一般,,
2023/12/15,RNF,202409  ,-,-,-,-,-,-,0.0,197.5,0,191,206,-,-,,一般,,
2023/12/18,RNF,202312  ,197,197,194,194,-3,-1.52%,63.0,194,314,193.5,194,254.5,183.5,,一般,,
2023/12/18,RNF,202401  ,194.5,196.5,193.5,193.5,-4.5,-2.27%,57.0,193.5,221,193,193.5,222,191,,一般,,
2023/12/18,RNF,202403  ,-,-,-,-,-,-,0.0,194.5,4,191.5,200,254,223,,一般,,
2023/12/18,RNF,202406  ,-,-,-,-,-,-,0.0,195,2,189,200,238,179,,一般,,
2023/12/18,RNF,202409  ,-,-,-,-,-,-,0.0,194.5,0,186,200,-,-,,一般,,
2023/12/19,RNF,202312  ,193.5,193.5,191,192,-2,-1.03%,101.0,192,228,190.5,192,254.5,183.5,,一般,,
2023/12/19,RNF,202401  ,193,193,191.5,192,-1.5,-0.78%,70.0,192,284,191,192,222,191,,一般,,
2023/12/19,RNF,202403  ,-,-,-,-,-,-,0.0,192.5,4,190,199,254,223,,一般,,
2023/12/19,RNF,202406  ,-,-,-,-,-,-,0.0,193,2,184,199,238,179,,一般,,
2023/12/19,RNF,202409  ,-,-,-,-,-,-,0.0,192.5,0,184,199,-,-,,一般,,
2023/12/20,RNF,202312  ,193,194,191.5,191.5,-0.5,-0.26%,107.0,0,166,191.5,192,254.5,183.5,,一般,,
2023/12/20,RNF,202401  ,194.5,194.5,192,192,0,0.00%,68.0,192,337,192,193,222,191,,一般,,
2023/12/20,RNF,202403  ,-,-,-,-,-,-,0.0,192.5,4,185.5,199.5,254,223,,一般,,
2023/12/20,RNF,202406  ,-,-,-,-,-,-,0.0,193,2,191,199.5,238,179,,一般,,
2023/12/20,RNF,202409  ,-,-,-,-,-,-,0.0,192.5,0,185.5,199.5,-,-,,一般,,
2023/12/21,RNF,202401  ,194.5,194.5,190.5,193.5,1.5,0.78%,26.0,193.5,356,192.5,194,222,190.5,,一般,,
2023/12/21,RNF,202402  ,192,192,192,192,0.5,0.26%,1.0,192,1,192.5,194.5,192,192,,一般,,
2023/12/21,RNF,202403  ,-,-,-,-,-,-,0.0,194,4,191.5,200.5,254,223,,一般,,
2023/12/21,RNF,202406  ,-,-,-,-,-,-,0.0,194.5,2,191.5,200.5,238,179,,一般,,
2023/12/21,RNF,202409  ,-,-,-,-,-,-,0.0,194,0,186,200.5,-,-,,一般,,
2023/12/22,RNF,202401  ,196,196,193,195,1.5,0.78%,26.0,195,343,194.5,195.5,222,190.5,,一般,,
2023/12/22,RNF,202402  ,-,-,-,-,-,-,0.0,195.5,1,194.5,196,192,192,,一般,,
2023/12/22,RNF,202403  ,-,-,-,-,-,-,0.0,195.5,4,188,202,254,223,,一般,,
2023/12/22,RNF,202406  ,-,-,-,-,-,-,0.0,196,2,193.5,202,238,179,,一般,,
2023/12/22,RNF,202409  ,-,-,-,-,-,-,0.0,195.5,0,188,202,-,-,,一般,,
2023/12/25,RNF,202401  ,195.5,195.5,193.5,194,-1,-0.51%,12.0,194,350,194,196,222,190.5,,一般,,
2023/12/25,RNF,202402  ,-,-,-,-,-,-,0.0,194.5,1,194,196.5,192,192,,一般,,
2023/12/25,RNF,202403  ,-,-,-,-,-,-,0.0,194.5,4,187.5,202.5,254,223,,一般,,
2023/12/25,RNF,202406  ,-,-,-,-,-,-,0.0,195,2,192.5,202.5,238,179,,一般,,
2023/12/25,RNF,202409  ,-,-,-,-,-,-,0.0,194.5,0,187.5,202.5,-,-,,一般,,
2023/12/26,RNF,202401  ,195,198,195,197.5,3.5,1.80%,63.0,197.5,351,197,198,222,190.5,,一般,,
2023/12/26,RNF,202402  ,197,197,197,197,2.5,1.29%,2.0,197,3,197,198.5,197,192,,一般,,
2023/12/26,RNF,202403  ,195,195,195,195,0.5,0.26%,1.0,198,3,195,204.5,254,195,,一般,,
2023/12/26,RNF,202406  ,-,-,-,-,-,-,0.0,198.5,2,196,204.5,238,179,,一般,,
2023/12/26,RNF,202409  ,-,-,-,-,-,-,0.0,198,0,190.5,204.5,-,-,,一般,,
2023/12/27,RNF,202401  ,200,202,197,197,-0.5,-0.25%,65.0,197,338,196.5,197.5,222,190.5,,一般,,
2023/12/27,RNF,202402  ,201.5,201.5,201.5,201.5,4.5,2.28%,2.0,197.5,5,196.5,198,201.5,192,,一般,,
2023/12/27,RNF,202403  ,-,-,-,-,-,-,0.0,197.5,3,190,204,254,195,,一般,,
2023/12/27,RNF,202406  ,-,-,-,-,-,-,0.0,198,2,195.5,204,238,179,,一般,,
2023/12/27,RNF,202409  ,-,-,-,-,-,-,0.0,197.5,0,190,204,-,-,,一般,,
2023/12/28,RNF,202401  ,196.5,196.5,192.5,193,-4,-2.03%,45.0,193,347,192.5,195.5,222,190.5,,一般,,
2023/12/28,RNF,202402  ,193,193,193,193,-4.5,-2.28%,2.0,193,6,192.5,196,201.5,192,,一般,,
2023/12/28,RNF,202403  ,-,-,-,-,-,-,0.0,193.5,3,193.5,202,254,195,,一般,,
2023/12/28,RNF,202406  ,-,-,-,-,-,-,0.0,194,2,193.5,202,238,179,,一般,,
2023/12/28,RNF,202409  ,-,-,-,-,-,-,0.0,193.5,0,193.5,202,-,-,,一般,,
2023/12/29,RNF,202401  ,192.5,192.5,192.5,192.5,-0.5,-0.26%,5.0,194.5,344,193,196,222,190.5,,一般,,
2023/12/29,RNF,202402  ,193,-,-,193,0,0.00%,4.0,194.5,7,193,196.5,201.5,192,,一般,,
2023/12/29,RNF,202403  ,-,-,-,-,-,-,0.0,194.5,3,186.5,202.5,254,195,,一般,,
2023/12/29,RNF,202406  ,-,-,-,-,-,-,0.0,195.5,2,192,202.5,238,179,,一般,,
2023/12/29,RNF,202409  ,-,-,-,-,-,-,0.0,195,0,186.5,202.5,-,-,,一般,,
2023/12/01,RNF,202312/202401    ,-,-,-,-,-,-,0.0,-,-,0.14,0.15,0.24,0.15,,一般,11.0,
2023/12/04,RNF,202312/202401    ,-,-,-,-,-,-,0.0,-,-,0.14,0.15,0.24,0.15,,一般,4.0,
2023/12/05,RNF,202312/202401    ,-,-,-,-,-,-,0.0,-,-,0.14,0.15,0.24,0.15,,一般,12.0,
2023/12/06,RNF,202312/202401    ,0.15,0.15,0.15,0.15,-,-,2.0,-,-,0.14,0.15,0.24,0.15,,一般,6.0,
2023/12/07,RNF,202312/202401    ,-,-,-,-,-,-,0.0,-,-,0.14,0.15,0.24,0.15,,一般,3.0,
2023/12/08,RNF,202312/202401    ,-,-,-,-,-,-,0.0,-,-,0.14,0.15,0.24,0.15,,一般,3.0,
2023/12/11,RNF,202312/202401    ,0.14,0.14,0.07,0.08,-,-,16.0,-,-,0.07,0.08,0.24,0.07,,一般,15.0,
2023/12/12,RNF,202312/202401    ,0.08,0.08,0.06,0.06,-,-,21.0,-,-,0.05,0.06,0.24,0.06,,一般,1.0,
2023/12/13,RNF,202312/202401    ,0.08,0.08,0.08,0.08,-,-,1.0,-,-,0.07,0.08,0.24,0.06,,一般,3.0,
2023/12/14,RNF,202312/202401    ,0.08,0.08,-0.56,-0.4,-,-,76.0,-,-,-0.47,-0.01,0.24,-0.56,,一般,4.0,
2023/12/15,RNF,202312/202401    ,0.07,0.07,-0.52,-0.52,-,-,65.0,-,-,-0.98,-0.52,0.24,-0.56,,一般,13.0,
2023/12/18,RNF,202312/202401    ,-0.02,-0.02,-0.59,-0.58,-,-,23.0,-,-,-6.6,-0.58,0.24,-0.59,,一般,30.0,
2023/12/19,RNF,202312/202401    ,0,0.29,0,0.1,-,-,44.0,-,-,0,0.26,0.29,-0.59,,一般,17.0,
2023/12/20,RNF,202312/202401    ,0.01,0.18,0,0.17,-,-,19.0,-,-,-0.01,-,0.29,-0.59,,一般,27.0,
2023/12/21,RNF,202401/202402    ,-,-,-,-,-,-,0.0,-,-,0.05,0.41,-,-,,一般,1.0,
2023/12/26,RNF,202401/202402    ,-,-,-,-,-,-,0.0,-,-,0.09,0.21,-,-,,一般,2.0,
2023/12/26,RNF,202401/202403    ,-,-,-,-,-,-,0.0,-,-,-6.3,6.3,-,-,,一般,1.0,
2023/12/27,RNF,202401/202402    ,-,-,-,-,-,-,0.0,-,-,0.04,0.12,-,-,,一般,2.0,
2023/12/28,RNF,202401/202402    ,-,-,-,-,-,-,0.0,-,-,0.02,0.12,-,-,,一般,2.0,
2023/12/29,RNF,202401/202402    ,0.08,0.08,0.08,0.08,-,-,4.0,-,-,0.01,0.13,0.08,0.08,,一般,0.0,
